node_id,element_type,guid,length,width,height,info_string,label_type,bb_xmin,bb_ymin,bb_zmin,bb_xmax,bb_ymax,bb_zmax,embedded_door_guid,zone_stamp_guid,pos_x,pos_y,room_name,room_number,room_height,marker_guid,embedded_in_wall_guid
761,Wall,C2A7EED3-749F-AD40-BF90-00571EBE293B,0.36,0.14,3.25,FW-01,1,74.02,44.7,0.0,74.39,44.84,3.25,,,,,,,,,
762,Wall,6B07010D-0833-9446-8C19-1F8339F6807C,1.10,0.16,2.73,FW-03,1,71.32,43.74,0.0,71.48,44.84,2.73,E49E96AC-357E-7F43-BC3F-8707223C9FC7,,,,,,,,
763,Wall,46FA110B-C6C1-4061-82F4-A976B824A4DC,52.00,0.25,1.20,SFB-01,0,34.15,35.21,-1.2,86.15,35.46,0.0,,,,,,,,,
764,Wall,0886D821-11D6-43E5-B4A4-4EC69AD21E43,0.03,5.28,9.20,EC-06,0,36.3,35.21,8.0,41.58,35.24,17.2,,,,,,,,,
765,Wall,832B9145-4921-8C49-9098-B19371A3375E,3.75,0.14,3.24,FW-01,1,73.83,44.84,0.0,73.97,48.59,3.24,1746B3E4-6DB6-6E43-8681-977C4AE61253,,,,,,,,
766,Wall,D1D3253D-C736-1D4F-89F8-161DA4D2BA27,1.84,0.30,2.73,FW-04,1,67.73,42.56,0.0,69.57,42.86,2.73,,,,,,,,,
767,Wall,4AB120C2-6D3D-7D49-8FFF-A941E6B0BB0C,2.13,0.16,2.73,FW-03,1,71.32,40.59,0.0,71.48,42.71,2.73,"5EDAD4E5-9CA9-5549-BF4B-BEE63ACE3031, 2DC42E24-43A2-BB43-B7C2-F24EF06E8AF3",,,,,,,,
768,Wall,00853648-A33F-4DC7-BF18-C566EFAE2B3B,0.26,0.02,3.10,FW-07,0,73.76,40.57,12.9,74.02,40.59,16.0,,,,,,,,,
769,Wall,DA5A481C-705C-115B-D024-4B9915A0FB29,6.05,0.25,4.30,SW-01,1,53.9,40.59,4.3,59.95,40.84,8.6,FE3F6C2C-92F0-4551-87FA-B39637576608,,,,,,,,
770,Wall,B5F7EFA1-23E4-6140-BEF4-BF7B460C7315,1.70,0.51,1.61,SW-02,1,60.07,42.59,-5.51,61.77,43.09,-3.9,,,,,,,,,
771,Wall,A47D43FE-F43D-4C63-922C-B71CAF428668,0.03,5.28,9.20,EC-05,1,82.21,35.21,-0.6,87.5,35.24,8.6,,,,,,,,,
772,Wall,2392A53D-8F38-4B93-89B7-CFD7A7C0CB66,0.86,0.14,3.10,FW-01,0,72.77,40.59,12.9,73.64,40.72,16.0,,,,,,,,,
773,Wall,55171725-0795-4F20-8E53-3CAAFC877F2D,4.00,0.51,4.00,SW-02,1,53.52,36.71,-4.0,54.02,40.71,0.0,,,,,,,,,
774,Wall,9783A799-CBDB-49C6-957F-34194F26109E,6.05,0.25,3.60,SW-01,1,53.9,40.59,-3.6,59.95,40.84,0.0,62569010-B600-4583-B57F-1240596EBD73,,,,,,,,
775,Wall,2B4F470D-E45B-4FEA-BFDD-B55766050651,6.05,0.51,4.00,SW-02,1,53.9,44.59,-4.0,59.95,45.09,0.0,,,,,,,,,
776,Wall,4DBBF86E-73D2-4343-B1F6-0EE36853C902,0.25,0.02,3.25,FW-07,0,74.02,40.59,8.6,74.04,40.84,11.85,,,,,,,,,
777,Wall,95A43216-7EB6-514A-B83F-B19B467F626A,3.75,0.14,3.25,FW-01,1,65.83,44.84,0.0,65.97,48.59,3.25,,,,,,,,,
778,Wall,B39568D6-B6C7-C146-994B-689BF51DE6BC,4.25,0.15,3.22,FW-02,1,67.73,40.59,0.0,67.87,44.84,3.22,69A3C36A-5F41-9A48-AE65-FC709B0D30EE,,,,,,,,
779,Wall,D822F7A6-CD9E-473C-A708-1420AD810CED,4.25,0.16,2.73,FW-03,1,69.57,40.59,12.9,69.73,44.84,15.63,1CA9E8CA-F9A2-4046-969A-C1DD1FBC503F,,,,,,,,
780,Wall,38B7B76D-39EB-4899-9BC6-B27A38D9C4C0,3.75,0.14,3.10,FW-01,0,73.83,44.84,12.9,73.97,48.59,16.0,AF0F0F11-5C4A-4977-BD7C-4EFFD759D36C,,,,,,,,
781,Wall,60C50008-EACB-6440-A93D-9D70EE894555,4.25,0.11,2.73,FW-06,1,53.66,40.59,0.0,53.77,44.84,2.73,,,,,,,,,
782,Wall,FED30F07-1860-E34D-BFA1-C54C6CA84A99,3.75,0.14,3.25,FW-01,1,50.02,44.7,0.0,53.77,44.84,3.25,4985A122-7325-2849-9D85-7301B6DFABE8,,,,,,,,
783,Wall,39967AD7-1758-0444-BE0E-919493E06349,4.25,0.16,2.73,FW-03,1,69.57,40.59,0.0,69.73,44.84,2.73,EE1BE09C-2F33-0E41-8230-11FE8FCC88AA,,,,,,,,
784,Wall,06360F8B-1945-4420-8875-456AF26A90EC,0.25,0.02,3.10,FW-07,0,74.02,44.59,12.9,74.04,44.84,16.0,,,,,,,,,
785,Wall,3411C29B-72B9-455E-864D-F0662DB9CC8C,6.75,0.15,3.10,FW-02,1,66.02,44.69,12.9,72.77,44.84,16.0,,,,,,,,,
786,Wall,93C5A4E9-1FB3-4B28-8F52-263AB710FAD9,0.25,0.02,3.10,FW-07,0,73.77,40.84,12.9,74.02,40.86,16.0,,,,,,,,,
787,Wall,2DBE93E1-46F8-4B58-9D74-802A3102534D,0.36,0.14,3.10,FW-01,0,74.02,40.59,12.9,74.39,40.72,16.0,,,,,,,,,
788,Wall,BE6BAE2D-00C0-4401-8219-A67714A4797D,0.25,0.02,3.10,FW-07,0,74.02,40.59,12.9,74.04,40.84,16.0,,,,,,,,,
789,Wall,2078966B-5586-3549-BCDC-59C30294B013,5.05,0.15,3.25,FW-02,1,67.73,40.59,0.0,72.77,40.73,3.25,,,,,,,,,
790,Wall,5BE41ECF-0818-5340-B7C5-7E8EF107F35D,3.20,0.16,2.73,FW-03,1,69.57,42.63,0.0,72.77,42.79,2.73,,,,,,,,,
791,Wall,2B6BA6AC-5D11-6D4C-AD02-0CFAE2A220E9,0.87,0.14,3.22,FW-01,0,72.77,44.7,0.0,73.64,44.84,3.22,,,,,,,,,
792,Wall,D3E8CC40-EEF2-405E-A0E8-8DCBBBF61702,0.36,0.14,3.10,FW-01,1,74.02,44.7,12.9,74.39,44.84,16.0,,,,,,,,,
793,Wall,A55354F3-D1C2-3041-AC7F-11F64F60CAD1,1.45,0.16,2.73,FW-03,1,71.32,43.66,0.0,72.77,43.82,2.73,,,,,,,,,
794,Wall,4AC4CA40-1774-4CE0-987B-A5EFEE39CB50,0.25,0.02,3.07,FW-07,0,65.77,44.57,12.9,66.02,44.59,15.97,,,,,,,,,
795,Wall,63002348-2099-49F4-8508-2306C11410BD,0.25,0.02,3.07,FW-07,0,66.02,44.59,12.9,66.04,44.84,15.97,,,,,,,,,
796,Wall,B8860C28-041E-0147-3CAC-FF81959B8497,4.00,0.25,4.30,SW-01,1,53.77,40.71,4.3,54.02,44.71,8.6,,,,,,,,,
797,Wall,F9A32C51-2F03-FD6B-54E8-2A879DF50E83,4.00,0.25,4.15,SW-01,1,53.77,40.71,12.9,54.02,44.71,17.05,,,,,,,,,
798,Wall,517A0E8D-4278-C14F-A864-A153446BC162,0.86,0.14,3.25,FW-01,1,72.77,40.59,0.0,73.64,40.72,3.25,,,,,,,,,
799,Wall,9F50AB86-F162-3341-BC55-2B19AB64EE62,3.75,0.14,3.25,FW-01,1,50.02,40.59,0.0,53.77,40.72,3.25,,,,,,,,,
800,Wall,A6DA0765-3C0F-0343-AE72-CD063388CC96,3.75,0.14,3.25,FW-01,1,49.83,40.84,0.0,49.97,44.59,3.25,,,,,,,,,
801,Wall,9DFBAA0B-32DA-46B6-8542-2DD61158503E,0.75,0.14,3.09,FW-01,1,53.02,44.7,12.9,53.77,44.84,15.99,,,,,,,,,
802,Wall,BBE3B206-8C8F-2044-878F-94B06EB7799F,4.14,0.30,2.73,FW-05,1,72.77,40.7,0.0,73.07,44.84,2.73,,,,,,,,,
803,Wall,49FB8E3B-E91C-CE4D-9617-0019ACE66AC9,3.75,0.15,3.25,FW-02,1,62.02,40.59,0.0,65.77,40.73,3.25,6150429B-6DC0-334E-8DBA-100A8E0DEBBD,,,,,,,,
804,Wall,632EBB86-C8C7-4142-BE3A-E96967668CCA,3.75,0.15,3.25,FW-02,1,62.02,44.69,0.0,65.77,44.84,3.25,,,,,,,,,
805,Wall,5D00BE5F-3C7A-1B42-A5A8-EC7B32BB8287,4.25,0.16,2.73,FW-03,1,63.81,40.59,0.0,63.97,44.84,2.73,,,,,,,,,
806,Wall,87F11C93-0798-0544-AD17-D2623421DBB4,3.75,0.15,3.22,FW-02,1,65.88,40.84,0.0,66.02,44.59,3.22,6CA19476-E717-0241-933F-03FC43B14258,,,,,,,,
807,Wall,B442F734-83F1-AE4E-A52B-7EF58FB85E17,2.05,0.16,2.73,FW-03,1,63.97,43.03,0.0,66.02,43.19,2.73,,,,,,,,,
808,Wall,BADA03CC-665D-4FF5-A62B-1BFFC9E8535A,52.00,0.25,1.20,SFB-01,1,34.15,49.96,-1.2,86.15,50.21,0.0,,,,,,,,,
809,Wall,251FB052-C531-8F4D-8B4B-254A0808DCA2,4.25,0.15,3.25,FW-02,1,73.64,40.59,0.0,73.78,44.84,3.25,,,,,,,,,
810,Wall,35DEAFB1-28B3-5C46-B368-E770E8C98D71,1.45,0.16,2.73,FW-03,1,71.32,41.61,0.0,72.77,41.77,2.73,,,,,,,,,
811,Wall,20DACA9B-8E40-4ACC-9584-EC4FEFE7E0E0,1.10,0.16,2.73,FW-03,0,71.32,43.74,12.9,71.48,44.84,15.63,68B0E029-B558-4AB2-9EC9-79F16C80239F,,,,,,,,
812,Wall,93A3B03B-D971-437C-8A96-C9BE9F99F816,14.50,0.25,1.20,SFB-01,1,86.15,35.46,-1.2,86.4,49.96,0.0,,,,,,,,,
813,Wall,6A07B943-9C38-436D-9F3B-0B4E589CD11A,1.84,0.30,2.73,FW-04,1,67.73,42.56,8.6,69.57,42.86,11.33,,,,,,,,,
814,Wall,C7BCD313-103A-407F-A15C-D5F7F374D3F0,4.25,0.15,3.25,FW-02,1,67.73,40.59,8.6,67.87,44.84,11.85,"6C2DAAA2-FD07-4F6A-B88C-70C5C41EECB0, 5FD7BF04-887A-4960-B80F-BDA11100C2EB",,,,,,,,
815,Wall,9956323D-6302-434E-8870-CC1D04815705,0.25,0.02,3.25,FW-07,0,66.02,40.59,8.6,66.04,40.84,11.85,,,,,,,,,
816,Wall,78DCD810-1F53-4DFC-B2DB-A1B2A41CD1E0,4.25,0.11,3.10,FW-06,1,53.66,40.59,12.9,53.77,44.84,16.0,,,,,,,,,
817,Wall,3A685ED5-A866-49F8-8D57-B2F3DBAB6740,39.69,0.03,0.67,FC-02,0,42.05,48.56,7.54,81.74,48.59,8.2,,,,,,,,,
818,Wall,64CDC022-AFF9-4E3C-98CE-A05512567F79,0.25,0.02,3.07,FW-07,0,65.77,44.84,12.9,66.02,44.86,15.97,,,,,,,,,
819,Wall,459E9AD2-F83F-4967-89C7-7EEB7A3DD208,3.87,0.14,3.10,FW-01,0,57.83,44.71,12.9,57.97,48.59,16.0,2930D8A3-18B8-4FA8-9A53-D3F5CED701C2,,,,,,,,
820,Wall,5EE9D26B-8F4C-4F42-8665-13E578F20879,0.25,0.02,3.10,FW-07,0,65.75,44.59,12.9,65.77,44.84,16.0,,,,,,,,,
821,Wall,77E66029-468B-4465-B5AD-8DB60A6D12A0,11.69,0.03,0.81,FC-02,0,42.02,36.87,16.0,42.05,48.56,16.81,,,,,,,,,
822,Wall,F230E025-74B9-4C2C-AAB7-B2B02E7CBEAF,0.25,0.02,3.10,FW-07,0,73.77,44.57,12.9,74.02,44.59,16.0,,,,,,,,,
823,Wall,79035BB6-CA50-416A-BBB0-71A461FCA0CC,0.26,0.02,3.10,FW-07,0,73.76,44.84,12.9,74.02,44.86,16.0,,,,,,,,,
824,Wall,81A1971B-B3C3-4E64-8AD0-F097CAB4A2DD,3.75,0.15,3.10,FW-02,1,65.88,40.84,12.9,66.02,44.59,16.0,"B86660CD-1262-4E68-90B2-6192DEB1D1D3, 016C42F9-83DB-4B3B-B95E-BFDC46AAD498",,,,,,,,
825,Wall,C84C6DC2-730E-4A75-BB01-119A968040DF,3.20,0.16,2.73,FW-03,1,69.57,42.63,12.9,72.77,42.79,15.63,,,,,,,,,
826,Wall,6B257075-EA63-4963-AD5F-09C376CDFCBD,11.69,0.03,0.65,FC-02,0,42.02,36.87,7.55,42.05,48.56,8.2,,,,,,,,,
827,Wall,9D9C7251-6ABF-49CA-93D7-BF49A1D28CED,4.25,0.16,2.73,FW-03,1,63.81,40.59,12.9,63.97,44.84,15.63,,,,,,,,,
828,Wall,2C98AFAC-804B-435A-AD52-BE07A56078B5,3.75,0.14,3.10,FW-01,0,73.83,36.84,12.9,73.97,40.59,16.0,F78FEDB9-FDDA-4747-BD2A-77BC03EDB7A4,,,,,,,,
829,Wall,6FFD68C6-9220-C741-B1B6-4D2C25649695,4.00,0.25,3.60,SW-01,1,61.77,40.71,-3.6,62.02,44.71,0.0,,,,,,,,,
830,Wall,DD45CC54-2B4D-8948-8E4D-CE48C447F4CB,1.95,0.25,3.60,SW-01,0,59.95,40.59,-3.6,61.9,40.84,0.0,95D63DA3-04A7-4DE9-A7C7-5ED4AED5ACE8,,,,,,,,
831,Wall,6E14E67F-D95E-1342-81C4-58C762E3AE5C,4.00,0.25,3.60,SW-01,1,59.82,40.71,-3.6,60.07,44.71,0.0,,,,,,,,,
832,Wall,FA373F46-959C-B348-98FB-9E95EE76C38A,1.95,0.25,3.60,SW-01,1,59.95,42.59,-3.6,61.9,42.84,0.0,,,,,,,,,
833,Wall,B863B398-4AA4-2843-9AEC-57FDC0F451A4,1.70,0.51,1.61,SW-02,1,60.07,40.33,-5.51,61.77,40.84,-3.9,,,,,,,,,
834,Wall,E7BD4401-D38B-A646-8EAB-0C4FD27A34B7,1.75,0.51,1.61,SW-02,1,61.77,40.84,-5.51,62.28,42.59,-3.9,,,,,,,,,
835,Wall,6D5FCFFD-8047-724C-A82E-98DEC199DA00,1.75,0.51,1.61,SW-02,1,59.57,40.84,-5.51,60.07,42.59,-3.9,,,,,,,,,
836,Wall,64A71A94-F6A2-466E-AA81-19A49BC21A3B,2.08,0.25,4.30,SW-01,0,59.82,40.59,0.0,61.9,40.84,4.3,FA765537-1278-4BF0-8E0A-BF7F48448374,,,,,,,,
837,Wall,4F846C51-73AB-EC44-A194-9746AB05A3A5,1.95,0.25,4.30,SW-01,1,59.95,42.59,0.0,61.9,42.84,4.3,,,,,,,,,
838,Wall,74C09AE6-CEE6-8B4D-B20A-F6A3B8C8F546,4.00,0.25,4.30,SW-01,1,59.82,40.71,0.0,60.07,44.71,4.3,,,,,,,,,
839,Wall,4DAE30EF-A21D-D942-841F-AFC12102CC02,4.00,0.25,4.30,SW-01,1,61.77,40.71,0.0,62.02,44.71,4.3,,,,,,,,,
840,Wall,D3EC0486-800F-B549-9F0F-C66D62B67004,2.08,0.25,4.30,SW-01,0,59.82,44.59,0.0,61.9,44.84,4.3,,,,,,,,,
841,Wall,79BFF274-4155-814A-A396-99F63A53DFF0,4.00,0.25,4.30,SW-01,1,53.77,40.71,0.0,54.02,44.71,4.3,,,,,,,,,
842,Wall,F447CE69-3BEB-7D69-3DEF-136B0302DC9A,1.95,0.25,4.15,SW-01,0,59.95,44.59,12.9,61.9,44.84,17.05,,,,,,,,,
843,Wall,5DD18CD1-B4D5-4BB0-9394-F87D589B6597,0.26,0.02,3.25,FW-07,0,73.76,40.57,8.6,74.02,40.59,11.85,,,,,,,,,
844,Wall,55F11684-72A8-4A3B-9FCA-20C980C65059,4.25,0.15,3.10,FW-02,1,67.73,40.59,12.9,67.87,44.84,16.0,C741E91E-41B3-4A05-88C0-DB083970CE5C,,,,,,,,
845,Wall,6DA78D56-8A73-4160-A412-2D5DA636F2F2,11.69,0.03,0.65,FC-02,0,81.74,36.87,7.55,81.77,48.56,8.2,,,,,,,,,
846,Wall,B46DF4A9-51A1-4EE7-A9C5-01C47A1CAFB5,0.25,0.02,3.10,FW-07,0,66.02,40.59,12.9,66.04,40.84,16.0,,,,,,,,,
847,Wall,CED6D9BD-D2C9-4094-BF22-8BA234BF7593,3.75,0.15,3.10,FW-02,1,62.02,40.59,12.9,65.77,40.73,16.0,00980123-5D47-41CA-AE02-560CF7735BE5,,,,,,,,
848,Wall,55D1ED72-BE0A-450B-9B0F-F886B423355D,1.84,0.30,2.73,FW-04,0,67.73,42.56,12.9,69.57,42.86,15.63,,,,,,,,,
849,Wall,097FF031-01AC-4D27-A738-095E8E711B0E,11.69,0.03,0.81,FC-02,0,81.74,36.87,16.0,81.77,48.56,16.81,,,,,,,,,
850,Wall,BDED210C-EDF0-4D2B-B99C-653073814DA5,0.25,0.02,3.10,FW-07,0,65.75,40.59,12.9,65.77,40.84,16.0,,,,,,,,,
851,Wall,47777022-FE48-A39A-D2AE-A46A4263F3C3,4.00,0.25,4.15,SW-01,1,61.77,40.71,12.9,62.02,44.71,17.05,,,,,,,,,
852,Wall,A53CABB9-B4D5-BF41-37A4-6A991E7B1D38,4.00,0.25,4.15,SW-01,1,59.82,40.71,12.9,60.07,44.71,17.05,,,,,,,,,
853,Wall,4B6BD0D1-EF3D-4FAF-9B4D-6FB6C15B207B,0.25,0.02,3.10,FW-07,0,65.77,40.84,12.9,66.02,40.86,16.0,,,,,,,,,
854,Wall,160DF5B2-A40B-355C-B194-6E76A2921459,1.95,0.25,4.15,SW-01,1,59.95,42.59,12.9,61.9,42.84,17.05,,,,,,,,,
855,Wall,650F5B25-4D8F-42BE-BB56-AF81B1784A7E,6.75,0.15,3.25,FW-02,1,66.02,44.69,8.6,72.77,44.84,11.85,,,,,,,,,
856,Wall,A69A1786-9C2D-4C11-B04B-79AF3D2D17AD,39.69,0.03,0.81,FC-02,0,42.05,36.84,16.0,81.74,36.87,16.81,,,,,,,,,
857,Wall,FFADBC35-FE27-4900-8DF1-A46D69BDA482,0.87,0.14,3.10,FW-01,0,72.77,44.7,12.9,73.64,44.84,16.0,,,,,,,,,
858,Wall,777C0FC2-7099-4C3C-87DD-BFB6DE932F06,11.69,0.03,0.65,FC-02,0,42.02,36.87,11.85,42.05,48.56,12.5,,,,,,,,,
859,Wall,A4461468-0225-46E7-8501-1D628F7302D8,0.75,0.14,3.25,FW-01,1,53.02,44.7,8.6,53.77,44.84,11.85,,,,,,,,,
860,Wall,D039180A-BAB2-499A-8EDE-26C9B517E9B6,14.50,0.25,1.20,SFB-01,1,33.9,35.46,-1.2,34.15,49.96,0.0,,,,,,,,,
861,Wall,7A394F60-FCE4-4E4A-A479-64711A52E28C,0.25,0.02,3.25,FW-07,0,73.77,40.84,8.6,74.02,40.86,11.85,,,,,,,,,
862,Wall,CC7C4844-CAEC-4F5D-9368-40BB296C6ADB,0.03,5.28,9.20,EC-06,0,36.3,50.18,8.0,41.58,50.21,17.2,,,,,,,,,
863,Wall,29ACDF3F-F263-214C-5869-6CEF71CC82FE,3.75,0.15,3.25,FW-02,1,62.02,44.69,4.3,65.77,44.84,7.55,,,,,,,,,
864,Wall,134BEC0D-3607-EF56-86F7-23EC3BD3A4B6,5.04,0.15,3.25,FW-02,1,67.73,40.59,4.3,72.77,40.73,7.55,,,,,,,,,
865,Wall,73F69BC3-175C-458B-8E67-5C77A03AA757,1.95,0.25,4.30,SW-01,0,59.95,40.59,4.3,61.9,40.84,8.6,03A5AACE-DC13-40DD-B65C-355C1FD64A52,,,,,,,,
866,Wall,8DE4D324-78CF-40B7-8178-135550A92190,6.05,0.25,4.15,SW-01,1,53.9,44.59,12.9,59.95,44.84,17.05,,,,,,,,,
867,Wall,487CA0FE-0471-63B3-CEE4-D0B66EE43098,1.95,0.25,4.30,SW-01,1,59.95,42.59,4.3,61.9,42.84,8.6,,,,,,,,,
868,Wall,004B0F3E-1E02-A580-D0CE-2B4C533900E6,1.45,0.16,2.73,FW-03,1,71.32,41.61,4.3,72.77,41.77,7.03,,,,,,,,,
869,Wall,DA30163E-8299-3F75-4753-D0340AD119F0,4.00,0.25,4.30,SW-01,1,59.82,40.71,4.3,60.07,44.71,8.6,,,,,,,,,
870,Wall,B9CC7942-C475-E0D0-F333-4F192648DF8E,4.00,0.25,4.30,SW-01,1,61.77,40.71,4.3,62.02,44.71,8.6,,,,,,,,,
871,Wall,D5B1EADD-1AB9-EC22-F267-CABFB348AC2C,0.86,0.14,3.25,FW-01,1,72.77,40.59,4.3,73.64,40.72,7.55,,,,,,,,,
872,Wall,641E1D9B-73A2-4402-9571-94B257717F90,39.69,0.03,0.67,FC-02,0,42.05,36.84,7.54,81.74,36.87,8.2,,,,,,,,,
873,Wall,E6F93FA1-8944-4043-8BAB-D75DF223064E,14.94,5.28,9.20,EC-03,0,82.21,35.24,-0.6,87.5,50.18,8.6,,,,,,,,,
874,Wall,DFFC119E-15C3-C666-84EC-6FBB592913E3,1.95,0.25,4.30,SW-01,0,59.95,44.59,4.3,61.9,44.84,8.6,,,,,,,,,
875,Wall,BFDA1916-8C76-4F4D-A158-A143CE4B3F46,0.25,0.02,3.25,FW-07,0,65.77,44.84,8.6,66.02,44.86,11.85,,,,,,,,,
876,Wall,73A121AD-4B3E-426B-8666-4C4CD3C33FF8,0.75,0.14,3.10,FW-01,1,53.02,40.59,12.9,53.77,40.72,16.0,,,,,,,,,
877,Wall,1C123B63-DB88-45B2-82A8-515D93F22784,0.25,0.02,3.25,FW-07,0,66.02,44.59,8.6,66.04,44.84,11.85,,,,,,,,,
878,Wall,33BC7956-AFE7-43D9-982C-A7C705820E9B,0.36,0.14,3.25,FW-01,1,74.02,40.59,8.6,74.39,40.72,11.85,,,,,,,,,
879,Wall,2346FAD6-890D-7701-5F2A-C1AAB6AAF447,6.05,0.25,4.15,SW-01,1,53.9,40.59,12.9,59.95,40.84,17.05,893D2E92-FF63-4DC9-B97A-BF2FA8FA3B20,,,,,,,,
880,Wall,034340C1-99D9-443A-A719-4AB77C229E73,0.03,5.28,9.20,EC-05,0,82.21,50.18,-0.6,87.5,50.21,8.6,,,,,,,,,
881,Wall,D47A1C80-C454-39DD-103C-BB0803D468EA,4.25,0.30,2.73,FW-05,1,72.77,40.59,4.3,73.07,44.84,7.03,,,,,,,,,
882,Wall,DF538CB2-C24E-765D-DACD-49CFD5C9EA30,1.10,0.16,2.73,FW-03,1,71.32,43.74,4.3,71.48,44.84,7.03,6E5E4031-71B9-0185-0148-3D93441E1096,,,,,,,,
883,Wall,4C720E76-185B-4A86-AC8E-7FB6226B4EC7,0.25,0.02,3.25,FW-07,0,65.77,44.57,8.6,66.02,44.59,11.85,,,,,,,,,
884,Wall,7D49C12B-3216-39BC-548B-FB386EE0A289,0.87,0.14,3.25,FW-01,0,72.77,44.7,4.3,73.64,44.84,7.55,,,,,,,,,
885,Wall,888EF40F-EED8-4BA7-BEC8-92CAC94026BE,0.25,0.02,3.10,FW-07,0,65.77,40.57,12.9,66.02,40.59,16.0,,,,,,,,,
886,Wall,94878D40-6D30-E513-E392-F6E7719C533E,3.87,0.14,3.25,FW-01,1,57.83,36.84,4.3,57.97,40.71,7.55,09008978-106C-CA12-41C7-98A359F0D915,,,,,,,,
887,Wall,115E26CD-5E3D-462E-8F48-3B219C1148A7,1.95,0.25,4.30,SW-01,0,59.95,40.59,8.6,61.9,40.84,12.9,61D8CE1E-2CB8-49D0-A990-E4E9AC17B9D8,,,,,,,,
888,Wall,E1F65938-AD77-4C7D-B87E-BB7112453AC6,2.05,0.16,2.73,FW-03,1,63.97,43.03,12.9,66.02,43.19,15.63,,,,,,,,,
889,Wall,D91D65A1-0A82-4122-B70A-D42D20FC7F55,39.69,0.03,0.67,FC-02,0,42.05,36.84,11.84,81.74,36.87,12.5,,,,,,,,,
890,Wall,2DAE880D-8691-EEC8-7563-9FB1BC9B283D,3.75,0.14,3.25,FW-01,1,65.83,44.84,4.3,65.97,48.59,7.55,,,,,,,,,
891,Wall,4E51A226-FC23-1287-F9C0-9E020DB298DA,4.25,0.16,2.73,FW-03,1,69.57,40.59,4.3,69.73,44.84,7.03,"C789022F-EB31-0F0D-67CE-60AB90B51D40, 2097A755-6C9F-C440-CD14-E59D6F86E636",,,,,,,,
892,Wall,E93C6C6C-1336-4015-A794-A30F38F7489A,3.75,0.15,3.25,FW-02,1,62.02,40.59,8.6,65.77,40.73,11.85,48E37F97-86CB-40BF-B160-93C5A92E5A24,,,,,,,,
893,Wall,4D8355C1-8314-09F3-308E-28BCF1392EEF,3.75,0.14,3.25,FW-01,0,73.83,44.84,4.3,73.97,48.59,7.55,22BDB195-0F05-8297-1F09-6CCD6011C00E,,,,,,,,
894,Wall,6D15F6DD-D825-0777-9843-17B441291DF7,0.75,0.14,3.25,FW-01,1,53.02,40.59,4.3,53.77,40.72,7.55,,,,,,,,,
895,Wall,E53AD52D-64B1-C31D-BB15-B4003B745A88,4.25,0.11,3.25,FW-06,1,53.66,40.59,4.3,53.77,44.84,7.55,,,,,,,,,
896,Wall,5627CF16-07B4-464D-8480-DE7DBACF1B58,3.87,0.14,3.10,FW-01,1,57.83,36.84,12.9,57.97,40.71,16.0,70242541-7E18-46FD-98E4-4A99A865495B,,,,,,,,
897,Wall,2D8B5DB6-F537-C31D-973D-490183F937E0,3.87,0.14,3.22,FW-01,0,57.83,44.71,4.3,57.97,48.59,7.52,CE75BCE7-E568-5C50-19DE-E149A6BF7C82,,,,,,,,
898,Wall,D760ACF4-0955-E55A-63D7-5D6B98F7C040,4.25,0.16,2.73,FW-03,1,63.81,40.59,4.3,63.97,44.84,7.03,,,,,,,,,
899,Wall,95E42E1A-41A9-590C-0619-CD35F4A3A306,3.75,0.15,3.25,FW-02,1,65.88,40.84,4.3,66.02,44.59,7.55,3180943D-5A0F-8739-E02C-732573210E8E,,,,,,,,
900,Wall,46B4ED71-3E79-D88D-D38B-8A7949FBF822,4.25,0.15,3.25,FW-02,1,73.64,40.59,4.3,73.78,44.84,7.55,,,,,,,,,
901,Wall,0CBBE5E6-D9C7-4218-8CD4-23C938EB0379,3.75,0.14,3.10,FW-01,1,65.83,44.84,12.9,65.97,48.59,16.0,,,,,,,,,
902,Wall,367317D0-2114-5930-5DB1-5527DCDC44B9,2.05,0.16,2.73,FW-03,1,63.97,43.03,4.3,66.02,43.19,7.03,,,,,,,,,
903,Wall,B54BB234-822D-DA23-E87B-B1E425850A33,3.75,0.14,3.25,FW-01,1,73.83,36.84,4.3,73.97,40.59,7.55,06A50675-FFC2-3908-2288-37609BE196A8,,,,,,,,
904,Wall,11BE7F46-F4D5-EB8F-9F61-94C4935FCA77,3.20,0.16,2.73,FW-03,1,69.57,42.63,4.3,72.77,42.79,7.03,,,,,,,,,
905,Wall,C663F2E6-8684-4D68-A09A-3A5C47ECCF15,6.05,0.25,4.30,SW-01,1,53.9,44.59,8.6,59.95,44.84,12.9,,,,,,,,,
906,Wall,5D35CEF4-1811-4A11-A00B-3334D6D04702,3.75,0.15,3.25,FW-02,1,62.02,44.69,8.6,65.77,44.84,11.85,,,,,,,,,
907,Wall,7DA02408-F9EE-B9A5-96FE-AE9361D0236A,1.45,0.16,2.73,FW-03,1,71.32,43.66,4.3,72.77,43.82,7.03,,,,,,,,,
908,Wall,5AFBB4C2-8632-D8FB-8041-9A769366313E,2.13,0.16,2.73,FW-03,0,71.32,40.59,4.3,71.48,42.71,7.03,EAB6CE66-6B57-014F-E37B-17AD79C98138,,,,,,,,
909,Wall,8605835E-825C-C414-411B-232CFA2A00EB,0.75,0.14,3.25,FW-01,1,53.02,44.7,4.3,53.77,44.84,7.55,,,,,,,,,
910,Wall,CAAF34EB-34CE-4149-A451-B7AE4F406C68,1.45,0.16,2.73,FW-03,1,71.32,41.61,8.6,72.77,41.77,11.33,,,,,,,,,
911,Wall,A17A3497-EC3B-EE96-392A-68EBAD04584C,1.84,0.30,2.73,FW-04,1,67.73,42.56,4.3,69.57,42.86,7.03,,,,,,,,,
912,Wall,6EF8B238-3F42-E68E-B90D-0909F4FB3E30,3.75,0.15,3.25,FW-02,1,62.02,40.59,4.3,65.77,40.73,7.55,7C9CFE23-3C50-FAA7-F446-BAE65E456E81,,,,,,,,
913,Wall,B8D2D987-1C5F-4482-BDA3-BFF1AB4DBE72,3.75,0.15,3.10,FW-02,1,62.02,44.69,12.9,65.77,44.84,16.0,,,,,,,,,
914,Wall,849B6EA7-5E51-3BFF-BB80-BB93C9C1A30A,4.25,0.15,3.25,FW-02,1,67.73,40.59,4.3,67.87,44.84,7.55,"FA732D0B-AC53-B871-8DF6-B35EBEBB62D3, 881224AA-1F1D-3DA2-B461-76DE78FFB799",,,,,,,,
915,Wall,C79B62B5-3BE0-4CA8-ACAC-5E2CACEBA2FC,5.92,0.25,4.30,SW-01,1,53.9,44.59,0.0,59.82,44.84,4.3,72CD7DBE-75D6-465F-A6EB-DB15C48C7F80,,,,,,,,
916,Wall,75670D2D-DEB3-487D-BC45-4855ACB22134,5.04,0.15,3.10,FW-02,1,67.73,40.59,12.9,72.77,40.73,16.0,,,,,,,,,
917,Wall,C7B6640F-79AB-4F61-A4D2-BA989A703BA2,5.04,0.15,3.25,FW-02,1,67.73,40.59,8.6,72.77,40.73,11.85,,,,,,,,,
918,Wall,11955D77-3C0A-4C36-B068-01291166367D,0.25,0.02,3.25,FW-07,0,65.77,40.57,8.6,66.02,40.59,11.85,,,,,,,,,
919,Wall,28638D5F-FCA5-4711-B6F0-7E1A5EC7EB33,6.05,0.25,4.30,SW-01,1,53.9,44.59,4.3,59.95,44.84,8.6,,,,,,,,,
920,Wall,D9528B6B-A321-F35F-D3A2-A78985548F7E,1.95,0.25,4.30,SW-01,1,59.95,42.59,8.6,61.9,42.84,12.9,,,,,,,,,
921,Wall,8D840F23-9C81-4D2C-9FBF-4D8C7FCE2254,0.25,0.02,3.25,FW-07,0,65.77,40.84,8.6,66.02,40.86,11.85,,,,,,,,,
922,Wall,F4A270B7-02DF-9A24-DB4F-A0F0148CCD59,4.00,0.25,4.30,SW-01,1,59.82,40.71,8.6,60.07,44.71,12.9,,,,,,,,,
923,Wall,419192E0-C9D4-ADBC-2844-4768B6B861BF,4.00,0.25,4.30,SW-01,1,61.77,40.71,8.6,62.02,44.71,12.9,,,,,,,,,
924,Wall,548E36BF-2708-4C70-9B44-4BA102FF3602,0.25,0.02,3.25,FW-07,0,65.75,40.59,8.6,65.77,40.84,11.85,,,,,,,,,
925,Wall,FE9D12B9-7BEA-445A-A8A2-2DB4B4D2733C,11.69,0.03,0.65,FC-02,0,81.74,36.87,11.85,81.77,48.56,12.5,,,,,,,,,
926,Wall,550F7527-5C1D-C3E0-ED19-2C372CB055A2,1.95,0.25,4.30,SW-01,0,59.95,44.59,8.6,61.9,44.84,12.9,,,,,,,,,
927,Wall,FDA40DE6-5912-4F13-93CA-D27CAECE5314,0.36,0.14,3.25,FW-01,0,74.02,44.7,8.6,74.39,44.84,11.85,,,,,,,,,
928,Wall,FA13BDE1-A763-5866-5FFE-BD188A110096,4.00,0.25,4.30,SW-01,1,53.77,40.71,8.6,54.02,44.71,12.9,,,,,,,,,
929,Wall,E6B5D5DE-A180-4BA7-B8D1-05FA33C9A0B0,39.69,0.03,0.67,FC-02,0,42.05,48.56,11.84,81.74,48.59,12.5,,,,,,,,,
930,Wall,6A327BC7-47A8-4185-B585-EF4E5E225F71,14.94,5.28,9.20,EC-04,0,36.3,35.24,8.0,41.58,50.18,17.2,,,,,,,,,
931,Wall,3615AB27-B393-8981-0CB3-B422855AEF8A,6.05,0.25,4.30,SW-01,1,53.9,40.59,8.6,59.95,40.84,12.9,9258F5EA-2D37-4228-9ECB-38D78B10AA43,,,,,,,,
932,Wall,7684E113-89AB-4013-95FF-547223676ADA,39.69,0.03,0.81,FC-02,0,42.05,48.56,16.0,81.74,48.59,16.81,,,,,,,,,
933,Wall,36660804-CAF6-4250-B19B-7D0A959CCCDC,0.25,0.02,3.25,FW-07,0,65.75,44.59,8.6,65.77,44.84,11.85,,,,,,,,,
934,Wall,2FC8B3CA-F175-449E-BB4D-95F970F1CEA4,4.25,0.30,2.73,FW-05,1,72.77,40.59,12.9,73.07,44.84,15.63,,,,,,,,,
935,Wall,58F09796-32D2-48E0-A04A-9505D113AD76,1.45,0.16,2.73,FW-03,1,71.32,41.61,12.9,72.77,41.77,15.63,,,,,,,,,
936,Wall,53876304-C00D-4A21-853F-1D78149EAF16,0.25,0.02,3.25,FW-07,0,49.77,44.57,0.0,50.02,44.59,3.25,,,,,,,,,
937,Wall,1E72D647-36A2-4A2F-8331-C5688D28DC8F,0.25,0.02,3.25,FW-07,0,50.02,44.59,0.0,50.04,44.84,3.25,,,,,,,,,
938,Wall,DDE145B2-47CE-4F42-A8CC-87567A4E7188,0.25,0.02,3.25,FW-07,0,49.77,44.84,0.0,50.02,44.86,3.25,,,,,,,,,
939,Wall,90BB8E7C-C7D2-49DC-8950-45F5F397DF14,0.25,0.02,3.25,FW-07,0,49.75,44.59,0.0,49.77,44.84,3.25,,,,,,,,,
940,Wall,CECFE04B-D502-4159-9976-9B6057582487,0.25,0.02,3.25,FW-07,0,49.77,40.57,0.0,50.02,40.59,3.25,,,,,,,,,
941,Wall,D5673474-D474-4BF1-90F6-E161C4B98700,0.25,0.02,3.25,FW-07,0,50.02,40.59,0.0,50.04,40.84,3.25,,,,,,,,,
942,Wall,A12E2C70-4088-4174-AB27-71FCB3E25A29,0.25,0.02,3.25,FW-07,0,49.77,40.84,0.0,50.02,40.86,3.25,,,,,,,,,
943,Wall,62B4BEBD-4875-4AB0-A8E8-57C20AC0F25C,0.25,0.02,3.25,FW-07,0,49.75,40.59,0.0,49.77,40.84,3.25,,,,,,,,,
944,Wall,A42577F5-7B7F-4BFD-8A32-CEB7E8590A16,0.25,0.02,3.22,FW-07,0,65.77,44.57,0.0,66.02,44.59,3.22,,,,,,,,,
945,Wall,19B3C632-2C7E-4E39-8286-553C1D970B78,0.25,0.02,3.25,FW-07,0,66.02,44.59,0.0,66.04,44.84,3.25,,,,,,,,,
946,Wall,7D829E64-2AF6-4E4F-8BA1-3B96565F3912,0.25,0.02,3.25,FW-07,0,65.77,44.84,0.0,66.02,44.86,3.25,,,,,,,,,
947,Wall,0BE70BD4-BA83-4ECB-BF28-47AC61E3399E,0.25,0.02,3.25,FW-07,0,65.75,44.59,0.0,65.77,44.84,3.25,,,,,,,,,
948,Wall,DE43FBEF-4E24-4511-8C83-D3923CDBCDB4,0.25,0.02,3.25,FW-07,0,65.77,40.57,0.0,66.02,40.59,3.25,,,,,,,,,
949,Wall,BCC4DDAD-DAB8-454E-9E99-06973B3FBAF6,0.25,0.02,3.25,FW-07,0,66.02,40.59,0.0,66.04,40.84,3.25,,,,,,,,,
950,Wall,EC39FBBF-7E43-4187-9F9F-0156AB9D40C3,0.25,0.02,3.25,FW-07,0,65.77,40.84,0.0,66.02,40.86,3.25,,,,,,,,,
951,Wall,ED516AF4-43B5-4397-8489-95540B76F56E,0.25,0.02,3.25,FW-07,0,65.75,40.59,0.0,65.77,40.84,3.25,,,,,,,,,
952,Wall,27970941-A378-4106-A3E6-EA2A4B447FDB,6.75,0.15,3.25,FW-02,1,66.02,44.69,0.0,72.77,44.84,3.25,,,,,,,,,
953,Wall,E6494B53-12A5-4741-B1B7-69C33BCEF241,0.25,0.02,3.25,FW-07,0,73.77,44.57,0.0,74.02,44.59,3.25,,,,,,,,,
954,Wall,05CD173A-F6A4-4D67-8E2E-2C5476FB2A99,0.25,0.02,3.25,FW-07,0,74.02,44.59,0.0,74.04,44.84,3.25,,,,,,,,,
955,Wall,F3D68230-1340-49AE-9284-D9BB7CF90B82,0.26,0.02,3.25,FW-07,0,73.76,44.84,0.0,74.02,44.86,3.25,,,,,,,,,
956,Wall,3F5ED386-6307-4E9C-86E3-7C83CB05A2EC,1.95,0.25,4.15,SW-01,0,59.95,40.59,12.9,61.9,40.84,17.05,956497AE-75DE-4D68-92A2-A89B708B6E6B,,,,,,,,
957,Wall,5F5B070E-AEAA-44D0-97FB-7B46BE12796E,0.28,0.02,3.25,FW-07,0,73.75,40.57,0.0,74.02,40.59,3.25,,,,,,,,,
958,Wall,A2F77FFF-B83F-4813-8E64-6B5754C6AA26,0.25,0.02,3.25,FW-07,0,74.02,40.59,0.0,74.04,40.84,3.25,,,,,,,,,
959,Wall,F39E50B0-BFB5-4627-8313-0CCA91457CAB,0.25,0.02,3.25,FW-07,0,73.77,40.84,0.0,74.02,40.86,3.25,,,,,,,,,
960,Wall,541260DB-9365-436F-A65C-47F0BD7295B8,0.36,0.14,3.25,FW-01,1,74.02,40.59,0.0,74.39,40.72,3.25,,,,,,,,,
961,Wall,0CB280E6-47DB-49C0-8816-7D0F571DF3AE,0.26,0.02,3.25,FW-07,0,73.76,44.84,4.3,74.02,44.86,7.55,,,,,,,,,
962,Wall,28CC00F1-9480-43DB-A33A-3A0897F59706,0.26,0.02,3.25,FW-07,0,73.76,40.57,4.3,74.02,40.59,7.55,,,,,,,,,
963,Wall,D998AC2E-F91C-4BC7-937B-4F1D2816CDFE,0.25,0.02,3.25,FW-07,0,74.02,44.59,4.3,74.04,44.84,7.55,,,,,,,,,
964,Wall,0E52737C-E534-4130-B6EF-DB75C09A437A,6.75,0.15,3.25,FW-02,1,66.02,44.69,4.3,72.77,44.84,7.55,,,,,,,,,
965,Wall,25812853-0C29-4ED6-B784-EB574C7F0888,0.25,0.02,3.25,FW-07,0,73.77,40.84,4.3,74.02,40.86,7.55,,,,,,,,,
966,Wall,F7241CA5-35AF-4706-9F58-D576225497DA,0.36,0.14,3.25,FW-01,1,74.02,40.59,4.3,74.39,40.72,7.55,,,,,,,,,
967,Wall,83D9588D-8AE3-4304-A431-AC73531C2E2C,0.25,0.02,3.25,FW-07,0,74.02,40.59,4.3,74.04,40.84,7.55,,,,,,,,,
968,Wall,D1D42F70-4050-468A-AF52-23E03B7AC823,0.36,0.14,3.25,FW-01,1,74.02,44.7,4.3,74.39,44.84,7.55,,,,,,,,,
969,Wall,F26D9CDB-0F41-4FB1-BA5D-68DEB4AF2F1D,0.25,0.02,3.25,FW-07,0,65.77,44.57,4.3,66.02,44.59,7.55,,,,,,,,,
970,Wall,D628436F-3959-420F-84F2-A5B45A418817,0.25,0.02,3.25,FW-07,0,66.02,44.59,4.3,66.04,44.84,7.55,,,,,,,,,
971,Wall,7D8CCD2D-82C1-4A10-9990-53C481AEB33E,0.25,0.02,3.25,FW-07,0,65.77,44.84,4.3,66.02,44.86,7.55,,,,,,,,,
972,Wall,16053995-464B-41AB-A6F3-B35202F735E0,0.25,0.02,3.25,FW-07,0,65.75,44.59,4.3,65.77,44.84,7.55,,,,,,,,,
973,Wall,62EA0DE1-7A23-4C3A-8D53-454502327B77,4.13,0.25,3.60,SW-01,1,65.77,40.59,-3.6,66.02,44.71,0.0,,,,,,,,,
974,Wall,BD9B315E-9FAA-4E33-8EB4-A8482255E262,0.25,0.02,3.25,FW-07,0,73.77,44.57,4.3,74.02,44.59,7.55,,,,,,,,,
975,Wall,5090A6C0-732F-48D1-BE86-178DB4375124,4.25,0.15,3.25,FW-02,1,73.64,40.59,8.6,73.78,44.84,11.85,,,,,,,,,
976,Wall,03C432DA-A215-4B6C-A55D-E25D784D5A69,2.13,0.16,2.73,FW-03,0,71.32,40.59,8.6,71.48,42.71,11.33,"E64C37A3-37F8-4545-86FE-32F013EE4E99, 98D68DB2-8B53-4226-A513-E9695D888E1D",,,,,,,,
977,Wall,44D41F5B-F844-4F97-A72E-D2B28D0EC849,1.45,0.16,2.73,FW-03,1,71.32,43.66,8.6,72.77,43.82,11.33,,,,,,,,,
978,Wall,22E74432-3A3B-4296-9245-5BD834845AF0,3.20,0.16,2.73,FW-03,1,69.57,42.63,8.6,72.77,42.79,11.33,,,,,,,,,
979,Wall,95611FC9-1C03-48BE-AA83-64922B4AF4CC,3.75,0.14,3.25,FW-01,1,73.83,36.84,8.6,73.97,40.59,11.85,0391DC07-35F6-48A9-80F7-08AD39F3DA09,,,,,,,,
980,Wall,8F93C6E4-6FD5-41FA-994E-737DC9F470BE,2.05,0.16,2.73,FW-03,1,63.97,43.03,8.6,66.02,43.19,11.33,,,,,,,,,
981,Wall,9EE029B1-8E81-42F2-A356-E3DA007C973F,3.75,0.15,3.25,FW-02,1,65.88,40.84,8.6,66.02,44.59,11.85,814EFDD8-B7C4-4F9E-B437-81EEC60B4D5B,,,,,,,,
982,Wall,C322FEC5-546F-4242-9E42-9C7AFEBF844F,4.25,0.16,2.73,FW-03,1,63.81,40.59,8.6,63.97,44.84,11.33,,,,,,,,,
983,Wall,B179712B-CA63-4C86-9D9E-A14A6C70EF66,3.75,0.14,3.25,FW-01,0,73.83,44.84,8.6,73.97,48.59,11.85,575EB0BE-FE53-446A-BDE6-C9297398DED9,,,,,,,,
984,Wall,965F7BB7-F6CC-4374-90D2-4CB10BAAB2A0,3.87,0.14,3.25,FW-01,0,57.83,44.71,8.6,57.97,48.59,11.85,045FC85D-8671-4A9C-9808-F7019A976F69,,,,,,,,
985,Wall,7C2C1678-08A8-4AA1-86B2-C6510AE0528F,4.25,0.11,3.25,FW-06,1,53.66,40.59,8.6,53.77,44.84,11.85,,,,,,,,,
986,Wall,2EE18B8C-8E44-4B22-830A-A229094E5907,0.75,0.14,3.25,FW-01,1,53.02,40.59,8.6,53.77,40.72,11.85,,,,,,,,,
987,Wall,1EB9654C-6DC5-43EE-B191-CC150AE246A5,4.25,0.16,2.73,FW-03,1,69.57,40.59,8.6,69.73,44.84,11.33,6F13E6E6-430B-4EDA-84DC-8CE629239CCA,,,,,,,,
988,Wall,8E9C2EAE-8536-4DCA-ABFE-E042A32E2222,1.10,0.16,2.73,FW-03,0,71.32,43.74,8.6,71.48,44.84,11.33,5BB348EB-EC54-45D7-BCF3-040EA686C7FF,,,,,,,,
989,Wall,9CC7AEC3-3861-459E-AE26-C6387027D52E,3.75,0.14,3.25,FW-01,1,65.83,44.84,8.6,65.97,48.59,11.85,,,,,,,,,
990,Wall,88630E7D-E639-45A5-B042-CBCE209FDF8E,3.87,0.14,3.25,FW-01,1,57.83,36.84,8.6,57.97,40.71,11.85,6CA349CF-4E48-46A6-BEF9-4E95858D81F1,,,,,,,,
991,Wall,B2F1A3E9-E7F6-4192-BF82-2B35BEF7D674,0.87,0.14,3.25,FW-01,0,72.77,44.7,8.6,73.64,44.84,11.85,,,,,,,,,
992,Wall,12F504AC-8B29-4049-8A3E-DC2605A2CCEE,0.86,0.14,3.25,FW-01,0,72.77,40.59,8.6,73.64,40.72,11.85,,,,,,,,,
993,Wall,A840F9CA-F6BC-4262-AD6B-027B3AC89D9B,4.25,0.30,2.73,FW-05,1,72.77,40.59,8.6,73.07,44.84,11.33,,,,,,,,,
994,Wall,F33AC6C2-CB15-42DA-A554-B521039ED6AD,4.25,0.15,3.10,FW-02,1,73.64,40.59,12.9,73.78,44.84,16.0,,,,,,,,,
995,Wall,D8B84987-D463-4CD2-83FF-41382F703488,2.13,0.16,2.73,FW-03,0,71.32,40.59,12.9,71.48,42.71,15.63,"1FE81C16-0D3C-47C7-ACB5-39BA87F87D57, 5BCA0D67-280C-4D4D-A7A8-02A314D1C42D",,,,,,,,
996,Wall,977224CB-6A4A-4E71-81C1-31784D774BF3,1.45,0.16,2.73,FW-03,1,71.32,43.66,12.9,72.77,43.82,15.63,,,,,,,,,
997,Wall,32C76C84-5DDE-214A-A555-041AE6F1D385,4.00,0.51,4.00,SW-02,1,53.52,40.71,-4.0,54.02,44.71,0.0,,,,,,,,,
998,Wall,36BD826B-0BF3-7143-AD20-813A6BB016DC,8.00,0.51,4.00,SW-02,1,73.77,36.71,-4.0,74.28,44.71,0.0,,,,,,,,,
999,Wall,213996C1-A8B4-FB46-8F09-036A7DB56B96,20.00,0.51,4.01,SW-02,1,53.9,36.33,-4.01,73.9,36.84,0.0,,,,,,,,,
1000,Wall,B2968D42-0633-B94D-B2C7-88AA80DF85D1,13.95,0.51,4.00,SW-02,1,59.95,44.59,-4.0,73.9,45.09,0.0,,,,,,,,,
1001,Wall,92DA1001-2CD7-4334-B82D-313574800EB8,0.25,0.02,3.25,FW-07,0,66.02,40.59,4.3,66.04,40.84,7.55,,,,,,,,,
1002,Wall,08ECC1F7-F7A7-49CD-9A05-898FAA8FE13F,0.25,0.02,3.25,FW-07,0,65.75,40.59,4.3,65.77,40.84,7.55,,,,,,,,,
1003,Wall,BCE9E014-697E-4526-A8BF-A1E16F24E550,0.25,0.02,3.25,FW-07,0,65.77,40.84,4.3,66.02,40.86,7.55,,,,,,,,,
1004,Wall,B42B9B47-58EE-45BA-9574-E3A65E62892A,0.25,0.02,3.25,FW-07,0,65.77,40.57,4.3,66.02,40.59,7.55,,,,,,,,,
1005,Wall,677F494E-8013-4A6A-AC21-3E2538CA3E3A,0.25,0.02,3.25,FW-07,0,73.77,44.57,8.6,74.02,44.59,11.85,,,,,,,,,
1006,Wall,4DA5FAAC-EF21-476C-A2CD-4EAC37D2A02A,0.26,0.02,3.25,FW-07,0,73.76,44.84,8.6,74.02,44.86,11.85,,,,,,,,,
1007,Wall,C4465CAD-4B89-4218-9848-E96C233A51B9,0.25,0.02,3.25,FW-07,0,74.02,44.59,8.6,74.04,44.84,11.85,,,,,,,,,
1008,Wall,ED974014-A982-1A4B-8D9D-C297178CCAA9,5.92,0.25,4.30,SW-01,1,53.9,40.59,0.0,59.82,40.84,4.3,86C24150-A369-4E02-8883-D5093D94C078,,,,,,,,
1009,Wall,3FDF669E-455E-9D4F-B0DE-6DC85B6BE176,39.69,0.03,0.67,FC-02,0,42.05,48.56,3.24,81.74,48.59,3.9,,,,,,,,,
1010,Wall,81F9917C-ED77-6741-8F07-6F03D8B4B124,11.69,0.03,0.65,FC-02,0,42.02,36.87,3.25,42.05,48.56,3.9,,,,,,,,,
1011,Wall,030CE231-6AAA-4F4D-8F10-B2ECA9C08D37,11.69,0.03,0.65,FC-02,0,81.74,36.87,3.25,81.77,48.56,3.9,,,,,,,,,
1012,Wall,A708E052-E3AE-D040-8816-C0C42287B92E,39.69,0.03,0.67,FC-02,0,42.05,36.84,3.24,81.74,36.87,3.9,,,,,,,,,
1013,Slab,8D923FA4-B1C9-4BDE-A0AD-4F4E8E724DF5,,,,FC-01,0,42.02,36.84,11.82,57.85,48.59,11.85,,,,,,,,,
1014,Slab,1A5C4BEA-55BF-4CD3-B87A-C9D05426DD35,,,,,0,-19.15,81.45,-1.1,10.6,141.23,-0.6,,,,,,,,,
1015,Slab,9ADB23A9-A401-A14F-9AF5-E4E85DCB268F,,,,SSL-05,0,41.58,36.4,16.9,82.21,49.03,17.21,,,,,,,,,
1016,Slab,F61100DE-A3C3-774B-A731-79CD72F45301,,,,SSL-04,0,58.23,40.84,8.42,59.82,44.59,8.68,,,,,,,,,
1017,Slab,1655E570-1703-A34D-B2B7-C77EF72F8D94,,,,SSL-04,0,58.23,40.84,4.12,59.82,44.59,4.38,,,,,,,,,
1018,Slab,2784D24B-E5AE-6B42-B569-01D93494B844,,,,SSL-04,0,57.33,40.84,-0.18,59.82,44.59,0.08,,,,,,,,,
1019,Slab,79669BD4-FDF7-E041-9E0A-DCFCCBF968BB,,,,,0,40.8,24.71,-0.55,44.8,26.31,-0.5,,,,,,,,,
1020,Slab,DB5D03EF-379C-5E4C-A29D-31498D94B3CE,,,,,0,33.3,86.9,-1.1,98.4,134.42,-0.6,,,,,,,,,
1021,Slab,2EC365F5-E8D4-1D41-A8F3-9B2203CD5225,,,,,0,90.5,62.91,-0.55,93.5,72.93,-0.5,,,,,,,,,
1022,Slab,92504A65-D1C6-F8B0-9610-E438E160467E,,,,FC-01,0,67.84,40.7,11.3,72.81,44.73,11.33,,,,,,,,,
1023,Slab,0F2DCE06-ED57-EE93-21D1-FBD1CDF314AF,,,,FF-06,0,58.23,40.84,12.98,59.82,44.59,13.0,,,,,,,,,
1024,Slab,A002025B-295D-BD44-BD2D-EDAF4D7D22F4,,,,FF-01,0,62.02,40.73,0.0,66.02,44.7,0.1,,,,,,,,,
1025,Slab,600C4AF9-F1FA-AD40-A098-496EADB02D72,,,,FF-06,0,57.33,40.84,0.08,59.82,44.59,0.1,,,,,,,,,
1026,Slab,27827C62-E8C6-8843-8577-90A602497B17,,,,FF-06,0,54.02,40.59,-3.6,59.82,44.59,-3.5,,,,,,,,,
1027,Slab,30BADC0D-9A2C-AD4E-8330-C69A9DA2E37F,,,,FC-01,0,49.94,40.7,2.7,53.7,44.73,2.73,,,,,,,,,
1028,Slab,2AC1E866-D026-7241-8BDD-F6439A285A51,,,,SSL-03,0,53.9,36.59,-0.15,73.77,44.71,0.0,,,,,,,,,
1029,Slab,D6930FB2-07C8-1B49-4100-871CD39A617F,,,,FF-01,0,62.02,40.73,8.6,66.02,44.84,8.7,,,,,,,,,
1030,Slab,802040B5-870D-4C5B-9B28-083A897B621B,,,,IN-02,0,41.58,36.4,16.6,82.21,49.03,17.05,,,,,,,,,
1031,Slab,6E153A19-8F0D-5F44-BB1F-537604E07296,,,,FC-01,0,62.02,40.69,2.7,65.91,44.73,2.73,,,,,,,,,
1032,Slab,B3B8D482-EABF-EC4E-8BC2-FD5327885B46,,,,SSL-01,0,59.57,40.33,-5.81,62.28,43.09,-5.1,,,,,,,,,
1033,Slab,9D7519EC-5496-8A4C-8AF3-8683117E7722,,,,SSL-01,0,53.52,36.33,-4.3,74.28,45.09,-3.6,,,,,,,,,
1034,Slab,BE037FB8-3BDA-824F-9550-99A78624381A,,,,SSL-02,0,41.78,36.59,-0.6,82.02,48.83,0.0,,,,,,,,,
1035,Slab,0C4C0D39-6266-4FDA-B4AF-9564718AF191,,,,FC-01,0,73.75,36.84,15.97,81.77,48.59,16.0,,,,,,,,,
1036,Slab,70BEF53A-BCBB-4D86-A01F-D7ACEF5E5107,,,,FC-01,0,57.94,36.84,15.97,73.85,44.73,16.0,,,,,,,,,
1037,Slab,7EA52F5D-C22D-A8E1-1677-41DF123025CE,,,,FF-01,0,62.02,40.73,12.9,66.02,44.7,13.0,,,,,,,,,
1038,Slab,D23C1D35-7959-13F1-5964-C89386CCBC36,,,,FC-01,0,67.84,40.7,15.6,72.81,44.73,15.63,,,,,,,,,
1039,Slab,7D4EA99A-8D3C-4340-B446-EA1EA3BA7FAB,,,,FF-05,0,82.21,36.72,8.6,86.4,48.7,8.67,,,,,,,,,
1040,Slab,D1273804-370C-4398-904F-31ABE056C09C,,,,FC-01,0,65.94,44.82,15.97,73.85,48.59,16.0,,,,,,,,,
1041,Slab,7E466595-8297-F54A-8933-9EC9DAA8F45D,,,,FF-01,0,67.87,40.7,0.0,72.81,44.7,0.1,,,,,,,,,
1042,Slab,FE1DFD50-74BF-ACB7-0959-8772412C62D5,,,,FC-01,0,62.02,40.7,15.6,65.91,44.73,15.63,,,,,,,,,
1043,Slab,FB2308D3-6824-F280-0270-E03109711480,,,,FF-01,0,67.87,40.59,8.6,73.07,44.84,8.7,,,,,,,,,
1044,Slab,C6F69025-4646-442B-B7C1-AD48335EBDD2,,,,FC-01,0,42.02,36.84,15.97,57.85,48.59,16.0,,,,,,,,,
1045,Slab,7F560EAF-81B4-64FB-CE27-50F68D7A6211,,,,FF-01,0,67.87,40.72,12.9,72.81,44.7,13.0,,,,,,,,,
1046,Slab,95C39A8D-D77A-68E8-0313-56C1587F5598,,,,FC-01,0,62.02,40.7,7.0,65.91,44.73,7.03,,,,,,,,,
1047,Slab,EA6CD1F1-BD51-4D90-8B0E-80DAB1B73A0E,,,,FC-01,0,57.94,44.82,15.97,65.85,48.59,16.0,,,,,,,,,
1048,Slab,ED0EC06A-4D71-51AE-7412-0F728BCE5C4E,,,,FF-01,0,67.84,40.72,4.3,72.81,44.7,4.4,,,,,,,,,
1049,Slab,992CD2E3-2627-3A97-487F-5A0C4B73520E,,,,FC-01,0,67.84,40.7,7.0,72.81,44.73,7.03,,,,,,,,,
1050,Slab,32F88330-EBCC-7452-214C-ABD0C69DDBCE,,,,FF-01,0,62.02,40.73,4.3,66.0,44.69,4.4,,,,,,,,,
1051,Slab,557B0C80-A9A0-4075-F929-81C16DC8D865,,,,FF-06,0,58.23,40.84,8.68,59.82,44.59,8.7,,,,,,,,,
1052,Slab,C055890D-534D-4788-BBFE-1B12D3187FC4,,,,FC-01,0,57.94,36.84,11.82,73.85,44.73,11.85,,,,,,,,,
1053,Slab,C13CA28C-6B07-4AC1-9C1F-29A7A12D0FE7,,,,FC-01,0,65.94,44.82,11.82,73.85,48.59,11.85,,,,,,,,,
1054,Slab,9CBD7097-6374-4984-8503-E116085D15F0,,,,FC-01,0,57.94,44.82,11.82,65.85,48.59,11.85,,,,,,,,,
1055,Slab,E9C79C36-9B25-2EC1-7884-6C2D601E297E,,,,FF-06,0,58.23,40.84,4.38,59.83,44.59,4.4,,,,,,,,,
1056,Slab,61BE525A-EA19-5908-726E-1659E4A10F31,,,,FC-01,0,62.02,40.7,11.3,65.91,44.73,11.33,,,,,,,,,
1057,Slab,00B0D7E5-D5A7-4964-8126-173AEAB16D97,,,,FC-01,0,42.02,36.84,7.52,57.85,48.59,7.55,,,,,,,,,
1058,Slab,E1CA85EB-F0D0-44A9-8A2F-4C0BC280F5B4,,,,FC-01,0,57.94,44.82,7.52,65.85,48.59,7.55,,,,,,,,,
1059,Slab,86DD2C00-5E17-49B2-8F57-BCBAE41E5C48,,,,FC-01,0,65.94,44.82,7.52,73.85,48.59,7.55,,,,,,,,,
1060,Slab,E2695EBF-5129-4F5E-9CEA-CC9A7CAB8D46,,,,FC-01,0,57.94,36.84,7.52,73.85,44.73,7.55,,,,,,,,,
1061,Slab,27514643-B249-134F-8AEA-AF54E60B0FA3,,,,SSL-04,0,58.23,40.84,12.72,59.82,44.59,12.98,,,,,,,,,
1062,Slab,EC1EF729-DB4F-479F-AD45-F420DA64101A,,,,FF-05,0,37.4,36.72,8.6,41.58,48.7,8.67,,,,,,,,,
1063,Slab,2224F6A6-9373-374D-8CA0-3F1301FC501B,,,,,0,40.8,51.61,-0.65,99.9,66.79,-0.6,,,,,,,,,
1064,Slab,E5642DAB-CA52-1B48-9D66-FA63F1E541DA,,,,SSL-03,0,41.77,36.59,8.45,82.02,48.84,8.6,,,,,,,,,
1065,Slab,4D5D6540-5958-854F-A7B1-99F822B01124,,,,SSL-03,0,41.77,36.59,4.15,82.02,48.84,4.3,,,,,,,,,
1066,Slab,9A501977-B963-4946-AC40-CFF82A38ACE4,,,,SSL-03,0,41.77,36.59,12.75,82.02,48.84,12.9,,,,,,,,,
1067,Slab,0F664791-1073-9241-9C8C-8601041FB95B,,,,FF-01,0,65.9,44.7,0.0,73.9,48.84,0.1,,,,,,,,,
1068,Slab,0B8AA987-8973-AAD0-4FC2-A0856F1D65D5,,,,FF-02,0,41.77,36.59,4.3,82.02,48.84,4.4,,,,,,,,,
1069,Slab,E49461C3-FDD4-754B-9E0F-9143AEA1CA25,,,,FF-03,0,41.77,36.59,0.0,82.02,48.84,0.1,,,,,,,,,
1070,Slab,E86D6BC5-8A3F-D544-957E-4189B939B015,,,,FF-06,0,54.02,36.84,-3.6,73.77,44.59,-3.5,,,,,,,,,
1071,Slab,174D02EF-C976-7640-93CC-C44551201D37,,,,,0,-28.7,-23.89,-0.55,108.93,150.54,-0.5,,,,,,,,,
1072,Slab,97F1BAD3-472B-7E9B-726E-C8928F906A61,,,,FF-02,0,41.77,36.59,12.9,82.02,48.84,13.0,,,,,,,,,
1073,Slab,9C0BB1FB-8AFB-E00C-5C72-B9A31C65B90A,,,,FF-02,0,41.77,36.59,8.6,82.02,48.84,8.7,,,,,,,,,
1074,Slab,429DB558-C78B-41A3-8F63-6243CA676CBF,,,,FC-01,0,73.79,36.84,11.82,81.77,48.59,11.85,,,,,,,,,
1075,Slab,4C95F41A-AA77-460B-8884-CED5D84D6DFC,,,,FC-01,0,73.75,36.84,7.52,81.77,48.59,7.55,,,,,,,,,
1076,Slab,EA20BEF5-A4A3-4E48-B33C-1C2B45A46119,,,,FF-04,0,33.9,35.21,-0.6,86.4,50.21,0.08,,,,,,,,,
1077,Slab,83F093BE-76C3-844F-838A-2321F57495D1,,,,FC-01,0,42.02,36.84,3.22,57.85,48.59,3.25,,,,,,,,,
1078,Slab,E529F7C9-7729-EC4F-8FEE-6B7B3B2E0AD7,,,,FC-01,0,57.94,44.82,3.22,65.85,48.59,3.25,,,,,,,,,
1079,Slab,BCBA03F1-F231-FF42-BF94-4A26EA8E4FFA,,,,FC-01,0,65.94,44.82,3.22,73.85,48.59,3.25,,,,,,,,,
1080,Slab,8D8B4714-AD56-0E47-B931-26FC01B12870,,,,FC-01,0,57.94,36.84,3.22,73.85,44.73,3.25,,,,,,,,,
1081,Slab,341E1B01-FFF5-1A4B-A403-2008A1ED7B35,,,,FC-01,0,73.75,36.84,3.22,81.77,48.59,3.25,,,,,,,,,
1082,Slab,91381457-1BF9-5F4A-A6D3-6D31B1AA9BF4,,,,FC-01,0,67.84,40.7,2.7,72.81,44.73,2.73,,,,,,,,,
1083,Zone,E74F4EF1-267F-8E45-BC2E-B083FA0C0DFF,,,,ZON - 024,3,62.02,40.73,0.1,63.81,44.69,2.7,,A2B82659-6C5A-2E4C-832F-F621121CF68B,62.9,42.67,Tech. Room,011,2.60,,
1084,Zone,05F9BBA4-F64A-594F-A36B-2DADDF208E09,,,,ZON - 023,3,63.97,43.19,0.1,65.88,44.69,2.7,,9C59DECF-6337-1844-AE24-8D436C92BF91,64.94,44.14,Storage,010,2.60,,
1085,Zone,FBCCD9D5-522A-4233-A822-043BAF4E511A,,,,ZON - 022,3,69.73,40.73,13.0,72.77,42.63,15.6,,A0E611FD-AB6E-4B04-BA67-4CA1E91B9E73,70.43,42.4,WC Ladies,309,2.60,,
1086,Zone,AFC7E49E-A88A-4965-AFC2-9D7B91E99DAA,,,,ZON - 020,3,66.02,40.59,0.1,67.73,44.69,2.7,,F3512D3F-80DE-4B3A-BB91-FB4EBD51F675,66.92,43.12,Circulation,004,2.60,,
1087,Zone,51F4D510-602A-B44F-9BA5-038D88C7B9FE,,,,ZON - 001,3,54.02,40.84,-3.5,59.82,44.59,0.0,,2EC01AF5-F8EE-8848-ADA4-5F6D3D21AB4C,59.04,43.47,Stair,-101,3.50,,
1088,Zone,627A4E3A-9728-445D-8999-23D511B7DF5D,,,,ZON - 022,3,67.87,42.86,13.0,69.57,44.69,15.6,,F6A6F3DD-49AD-489A-BDA1-402E8A3C0B29,68.72,43.82,Washroom,307,2.60,,
1089,Zone,75052212-B9FD-FC73-06E4-6A1444622B4D,,,,ZON - 021,3,58.23,40.84,13.0,59.82,44.59,16.87,,E9A57E2B-213B-3DE0-A16F-37BF958FA7A7,59.04,43.47,Stair,301,3.87,,
1090,Zone,0FD8EAD0-2F47-484A-B976-4E0F728ADBA6,,,,ZON - 022,3,67.87,40.73,4.4,69.57,42.56,7.0,,B16C8A86-49F3-4B4A-8539-7763957C3F42,68.72,42.21,Washroom,107,2.60,,
1091,Zone,B9C8EE7E-8036-AFFF-DF10-EC57D6E71F19,,,,ZON - 024,3,62.02,40.73,8.7,63.81,44.69,11.3,,2028AE9E-B1AB-1A8D-263F-C7BC37FEE659,62.9,42.67,Tech. Room,213,2.60,,
1092,Zone,048D57BB-FEAB-3B46-4C80-D75EE6D6478A,,,,ZON - 024,3,62.02,40.73,13.0,63.81,44.69,15.6,,D5D295B7-D4F4-927E-0134-B18964098715,62.9,42.67,Tech. Room,313,2.60,,
1093,Zone,40167D72-2163-45D5-AF3E-DEB6590B5FEC,,,,ZON - 022,3,63.97,40.73,0.1,65.88,43.03,2.7,,3C189081-E44E-4B3D-8AE0-1D99BAC7BF4D,64.85,41.67,WC Handicap,006,2.60,,
1094,Zone,11DDE3BF-A3CD-691B-4235-3EFB9A3A55CD,,,,ZON - 018,3,57.97,44.84,13.0,65.83,48.59,16.12,,764C0D52-A5CB-9D97-3142-460226881CA8,62.59,46.75,Meeting Room,306,3.12,,
1095,Zone,D7080F95-AF94-1343-A8E1-6FDE5B479B89,,,,ZON - 001,3,82.22,35.21,0.08,86.4,50.21,8.0,,8F2E7192-4393-8648-83FC-082DE39A5B5A,84.82,42.71,Veranda,052,7.92,,
1096,Zone,F0F2A7FB-0F03-374C-B867-65327D902279,,,,ZON - 001,3,33.9,35.21,0.08,41.57,50.21,8.0,,A63D5284-D3FA-874C-AE7D-5AA91C87C88F,37.74,42.71,Main Entrance,051,7.92,,
1097,Zone,C5F44F2E-6ADC-5446-BED7-8A8C00711B9B,,,,ZON - 001,3,37.4,36.71,8.68,41.77,48.71,16.6,,418A0E55-239A-2B48-9FD3-5F0B7CFE6664,39.47,42.58,Veranda,251,7.92,,
1098,Zone,4E73110A-14D6-DC45-8997-BFE7CD1CB27E,,,,ZON - 001,3,82.02,36.71,8.68,86.4,48.71,16.6,,D7F6CD84-8DF4-CE44-BBF7-6BBBB9F65D46,84.1,42.58,Veranda,252,7.92,,
1099,Zone,B1786327-129F-4A7E-8D28-7F0A196353C2,,,,ZON - 023,3,67.87,42.86,4.4,69.57,44.69,7.0,,7A2137FF-4264-4913-9CE1-AA66D9037C2C,68.68,43.9,Washroom,111,2.60,,
1100,Zone,4E3E2BD6-FA89-4EA6-94C4-639A587AD0FB,,,,ZON - 022,3,63.97,40.73,13.0,65.88,43.03,15.6,,8EB4CB4C-2245-4036-B3FC-E9729B76F632,64.95,41.93,WC Handicap,308,2.60,,
1101,Zone,C789DBB6-7F37-4C41-B4C8-53BD53C6A23B,,,,ZON - 022,3,67.87,42.86,0.1,69.57,44.69,2.7,,0BC77266-F878-407C-8ED1-36641F00E1E6,68.72,43.84,Washroom,005,2.60,,
1102,Zone,133E110D-6060-4B90-9D61-4788C75A95A9,,,,ZON - 022,3,69.73,40.73,0.1,72.77,42.63,2.7,,B1A07929-9B7F-4160-9643-43134E95805A,70.46,42.47,WC Ladies,007,2.60,,
1103,Zone,F4401D07-775F-48AE-943A-27BD1B9A4AC3,,,,ZON - 023,3,67.87,40.73,0.1,69.57,42.56,2.7,,BB27ED6D-AB69-4983-B32C-1A51646366D7,68.68,42.25,Washroom,009,2.60,,
1104,Zone,10AC0CF7-15E1-4505-9A95-BC2A4879AB8F,,,,ZON - 022,3,63.97,40.73,4.4,65.88,43.03,7.0,,47D5F7FA-033A-42ED-885F-8F5BA4003E1D,64.91,42.01,WC Handicap,108,2.60,,
1105,Zone,5260928A-1B09-2687-9A1A-7A393C194D70,,,,ZON - 022,3,69.73,42.79,8.7,72.77,44.69,11.3,,A4D09FBB-6F88-A672-CE41-816D50ED8C37,70.44,43.02,WC Men,211,2.60,,
1106,Zone,C9D57EF6-9FDD-4524-A5FA-9A7B359FB480,,,,ZON - 023,3,67.87,40.73,13.0,69.57,42.56,15.6,,CDBFEB44-61D9-4AB2-80D9-41147E8E9AA1,68.74,42.22,Washroom,311,2.60,,
1107,Zone,F2F459F0-9D0A-7572-DE98-CCD5C921D8B9,,,,ZON - 023,3,63.97,43.19,13.0,65.88,44.69,15.6,,78301978-0AAA-689E-712C-F70AF0AA19C5,64.9,44.17,Storage Room,312,2.60,,
1108,Zone,8BAE54DB-18C5-40F3-8DB6-BEECB4101136,,,,ZON - 022,3,69.73,42.79,13.0,72.77,44.69,15.6,,273CD463-8D6E-44F8-A7D3-7FF5E64443BF,70.47,42.89,WC Men,310,2.60,,
1109,Zone,B3113BEB-DD20-52E4-C622-8671F9BC7C78,,,,ZON - 023,3,63.97,43.19,4.4,65.88,44.69,7.0,,EBEDF3BC-5DD4-D867-9D38-D41F3785550B,64.9,44.17,Storage Room,112,2.60,,
1110,Zone,78F83D50-76F6-F5A1-789C-4A486653EB98,,,,ZON - 022,3,69.73,40.73,8.7,72.77,42.63,11.3,,497DE3E3-F997-4CB4-7BF7-1F50C6EABDC4,70.44,42.39,WC Ladies,210,2.60,,
1111,Zone,F3733084-25FD-73C6-6E14-F9A0FDBE9E27,,,,ZON - 024,3,62.02,40.73,4.4,63.81,44.69,7.0,,BCD16092-74DE-C8E4-6314-5AFE0A8FE8BD,62.9,42.67,Tech. Room,113,2.60,,
1112,Zone,BE1E75E6-7815-93B6-CC34-EB5070B5FE21,,,,ZON - 022,3,63.97,40.73,8.7,65.88,43.03,11.3,,0181B03F-1C7D-BF68-5A5F-F16B618C9879,64.9,41.97,WC Handicap,209,2.60,,
1113,Zone,B37886AC-B9E7-6E40-76DC-C3C71B6FB127,,,,ZON - 023,3,63.97,43.19,8.7,65.88,44.69,11.3,,3128DA3B-1034-AD57-BBBB-437ECD19FA98,64.9,44.17,Storage Room,212,2.60,,
1114,Zone,B8037CAF-7C6F-4E01-9277-DEC8D97797AF,,,,ZON - 022,3,67.87,40.73,8.7,69.57,42.56,11.3,,177E7000-DB9C-4F2F-BC8B-BF8BAB3E817A,68.8,42.2,Washroom,208,2.60,,
1115,Zone,3DC17777-0D1C-493D-9BB5-9D52A3FE40DB,,,,ZON - 022,3,67.87,42.86,8.7,69.57,44.69,11.3,,2A1D4F00-01E2-416B-974D-007998955CE3,68.8,43.84,Washroom,207,2.60,,
1116,Zone,2CFDD107-3408-47B0-A167-83D06E561ED2,,,,ZON - 022,3,69.73,42.79,0.1,72.77,44.69,2.7,,51AB02EF-6D71-470E-B22C-28C5400EC691,70.45,42.94,WC Men,008,2.60,,
1117,Zone,1CC3183A-70D1-4D15-A9FC-B2054B517898,,,,ZON - 022,3,69.73,42.79,4.4,72.77,44.69,7.0,,94419443-A6C4-44A1-A723-7D2DA838A4FA,70.51,43.01,WC Men,110,2.60,,
1118,Zone,5AA07DAE-B660-4111-991E-846B33B02497,,,,ZON - 022,3,69.73,40.73,4.4,72.77,42.63,7.0,,0EE36093-7B08-44A4-A8FE-5EE978435E0E,70.5,42.4,WC Ladies,109,2.60,,
1119,Zone,FF61A73E-A70A-544C-839E-B78C0CF46FCB,,,,ZON - 001,3,49.77,36.84,0.0,73.9,40.59,3.87,,564E8041-43F5-504A-8A5B-1B79D46CAEA9,62.9,38.09,Art Gallery,003,3.87,,
1120,Zone,5535A777-9D7E-4249-86BF-5C25000F8F13,,,,ZON - 021,3,54.02,40.84,0.1,59.82,44.59,4.3,,2AE2FFC8-7C57-2040-96C2-0D1160DE700D,59.06,43.5,Stair,001,4.20,,
1121,Zone,2925A61F-7923-EF48-BA75-3AEE4A9E01E8,,,,ZON - 001,3,74.89,37.43,0.1,82.88,49.18,3.87,,9B3594C1-B61B-2040-82A8-DB356A1E7405,79.14,43.3,Cafeteria,014,3.77,,
1122,Zone,ED04247C-E1CD-254D-8F86-AE586F236107,,,,ZON - 001,3,42.02,36.84,0.0,49.83,48.59,3.87,,9E1E7BA5-9214-0241-8ADB-B70FC0A1C563,45.84,42.71,Office Building Lobby,013,3.87,,
1123,Zone,A228699A-4DA1-9445-B2BB-F18F6AC05A12,,,,ZON - 001,3,49.97,40.72,0.1,53.66,44.7,2.7,,634403DD-6B04-354A-A482-9387B023EE75,51.37,42.64,Support Room,012,2.60,,
1124,Zone,1E837FF5-84C2-D145-A79A-EC1B85EB9135,,,,ZON - 001,3,65.97,44.84,0.1,73.83,48.59,3.87,,4049F0E8-0B48-C442-84FE-F38804F65E76,69.94,47.6,Cafeteria Kitchen,015,3.77,,
1125,Zone,9446D451-F91D-E949-9E97-10B48EBD14B8,,,,ZON - 001,3,54.02,36.84,-3.5,73.77,44.59,-0.05,,1C7ACC31-9EC1-0647-A775-A4435A56A127,63.7,38.88,Tech. Room,-102,3.45,,
1126,Zone,EC11FB69-8E0C-7B11-EA46-3BC1B3B5EBD8,,,,ZON - 016,3,73.78,36.84,13.0,81.77,48.59,16.12,,FEF4B317-6911-692E-27A3-B75DF7ADCA34,77.82,42.76,Office Space,303,3.12,,
1127,Zone,82CE19B4-B520-5B43-9302-D9837F12C918,,,,ZON - 001,3,60.07,40.84,-3.5,61.77,42.59,0.0,,B1F7F618-6E19-CA42-BC99-67287C78A3BB,60.93,41.63,Elevator,01,3.50,,
1128,Zone,F1C86BC2-5AC5-D308-9D55-10355E5339B8,,,,ZON - 017,3,65.97,44.84,8.7,73.83,48.59,11.82,,475CD046-2D07-F2E5-8A4C-DDA005C2CF34,69.7,46.81,Meeting Room,205,3.12,,
1129,Zone,0321403A-77E0-B6AA-F37C-CB86EF5CF6BC,,,,ZON - 016,3,42.02,36.84,13.0,57.83,48.59,16.12,,3BAA31B5-1AC4-156E-5E53-103440EB742A,47.55,42.74,Office Space,304,3.12,,
1130,Zone,48BFDD4B-4C5A-E611-7A15-ACEDC375C2F9,,,,ZON - 001,3,60.07,40.84,8.6,61.77,42.59,12.9,,ABFF88EB-FCBE-050E-FE2C-BFE7DD4DB124,60.93,41.63,Elevator,01,4.30,,
1131,Zone,13ADD170-40CF-9623-53ED-2AE9B8C34396,,,,ZON - 021,3,54.02,40.84,8.6,59.82,44.59,12.9,,14E20C40-5CF6-F72A-E0D5-CE187D032E7B,59.04,43.47,Stair,201,4.30,,
1132,Zone,CC719D18-7316-CA77-6F02-74D150E2FCBC,,,,ZON - 001,3,60.07,40.84,12.9,61.77,42.59,16.87,,15C53746-4012-E941-4DAC-44FBEBF767AE,60.93,41.63,Elevator,01,3.97,,
1133,Zone,D5DC6F4C-1C36-00A1-003A-D70DE20C546D,,,,ZON - 017,3,65.97,44.84,13.0,73.83,48.59,16.12,,C674E230-69CD-5756-B2D9-CFB72BAB1CC7,69.7,46.76,Meeting Room,305,3.12,,
1134,Zone,E60A4578-5DB8-4DD1-8D4D-7347090E8C87,,,,ZON - 001,3,60.07,40.84,0.1,61.77,42.59,4.3,,1D255674-75B2-470D-96FD-C97E70A2CD64,60.9,41.65,Elevator,01,4.20,,
1135,Zone,A432956A-1CAD-FD4F-891C-DA4C18D04C2E,,,,ZON - 001,3,49.77,44.84,0.1,65.83,48.59,3.87,,B011359C-3CD4-E749-9755-248F55592631,62.0,47.6,Art Gallery,002,3.77,,
1136,Zone,4C587CDB-A922-DABC-A976-8DF91E1001AA,,,,ZON - 020,3,57.97,36.84,13.0,73.83,44.69,16.12,,DD5610BD-C419-74AD-B780-C58C4E585222,67.11,37.93,Circulation,302,3.12,,
1137,Zone,AB77A7C8-5056-11F3-1CCA-033EA5E27CD0,,,,ZON - 016,3,73.78,36.84,8.7,81.77,48.59,11.82,,63B36DBA-4F43-3191-7276-C0F8C8484704,79.3,42.76,Office Space,203,3.12,,
1138,Zone,BE057C72-F235-58BC-09AC-916425A206C6,,,,ZON - 020,3,57.97,36.84,4.4,73.83,44.69,7.52,,14DBF5B3-ADC7-77B7-5540-0DC02C015D16,64.85,37.74,Circulation,102,3.12,,
1139,Zone,529F9C1D-FD80-34F5-B2AB-4750E5E7A441,,,,ZON - 016,3,42.02,36.84,8.7,57.83,48.59,11.82,,A3F94BB4-5AF1-5B07-028F-4D07EC0C2EB2,47.55,42.74,Office Space,204,3.12,,
1140,Zone,1AE22E27-F085-5A48-8322-9ABBAA71FF19,,,,ZON - 016,3,42.02,36.84,4.4,57.83,48.59,7.52,,749EA229-3834-6896-F15A-1009ADBF2891,46.92,40.82,Office Space,104,3.12,,
1141,Zone,6D723F11-A260-34A3-7BA4-AF5ED9CF41C9,,,,ZON - 021,3,54.02,40.84,4.3,59.82,44.59,8.6,,9AEDCAD2-2197-6181-90BD-5BEB4334E3A0,59.04,43.47,Stair,101,4.30,,
1142,Zone,EF1051DF-ADE1-BBC8-90DF-F0B29CBE3924,,,,ZON - 016,3,73.78,36.84,4.4,81.77,48.59,7.52,,15882B30-58C9-3D4A-77C0-49A2BB8085E8,77.82,42.76,Office Space,103,3.12,,
1143,Zone,74BAF830-71BA-5BA8-22E7-B5AC5529569D,,,,ZON - 017,3,65.97,44.84,4.4,73.83,48.59,7.52,,530919BD-41C1-10BD-5309-A4B160747B03,69.7,46.77,Meeting Room,105,3.12,,
1144,Zone,C116FFCC-A4E6-1567-066B-3E97F8652CCD,,,,ZON - 001,3,60.07,40.84,4.3,61.77,42.59,8.6,,A4640EFF-8320-1DA3-EC03-E3D11985E4F8,60.93,41.63,Elevator,01,4.30,,
1145,Zone,91D6F3C2-B575-ED95-ED6E-B8FDB3999E90,,,,ZON - 018,3,57.97,44.84,4.4,65.83,48.59,7.52,,FE42234F-6577-E1C0-749F-50C77785BE9A,62.35,46.77,Meeting Room,106,3.12,,
1146,Zone,48C3A39C-D0DE-187A-6772-B2D186F6224A,,,,ZON - 018,3,57.97,44.84,8.7,65.83,48.59,11.82,,491A13DC-3D1C-0AFF-1B3B-4640BEF380C1,62.48,46.8,Meeting Room,206,3.12,,
1147,Zone,647EC364-CA30-DBC0-B1C5-75DBA093C0A4,,,,ZON - 020,3,57.97,36.84,8.7,73.83,44.69,11.82,,27A90255-99B8-AA9D-19BF-58BE180ED40C,64.83,37.76,Circulation,202,3.12,,
1148,Door,E49E96AC-357E-7F43-BC3F-8707223C9FC7,,0.80 ,2.10 ,D-01,0,70.59,43.85,0.1,71.48,44.65,2.2,,,,,,,,B908F622-47C2-484C-9652-B35E9534FAB6,6B07010D-0833-9446-8C19-1F8339F6807C
1149,Door,1746B3E4-6DB6-6E43-8681-977C4AE61253,,0.90 ,2.10 ,D-02,0,73.83,46.12,0.1,74.8,47.02,2.2,,,,,,,,9522BDAC-43E7-2C4B-9EE4-BA7357DF983B,832B9145-4921-8C49-9098-B19371A3375E
1150,Door,5EDAD4E5-9CA9-5549-BF4B-BEE63ACE3031,,0.80 ,2.10 ,D-01,0,70.59,40.78,0.1,71.48,41.58,2.2,,,,,,,,08A2FC6F-8236-F542-8049-DF04500A33EF,4AB120C2-6D3D-7D49-8FFF-A941E6B0BB0C
1151,Door,2DC42E24-43A2-BB43-B7C2-F24EF06E8AF3,,0.80 ,2.10 ,D-01,0,70.59,41.79,0.1,71.48,42.59,2.2,,,,,,,,4E47628D-11C2-C140-9568-225709E95BC6,4AB120C2-6D3D-7D49-8FFF-A941E6B0BB0C
1152,Door,FE3F6C2C-92F0-4551-87FA-B39637576608,,0.90 ,2.10 ,D-04,0,58.77,40.59,4.4,59.67,41.67,6.5,,,,,,,,9B87D051-016B-4A8B-B3D6-C6CAA6079FAA,DA5A481C-705C-115B-D024-4B9915A0FB29
1153,Door,62569010-B600-4583-B57F-1240596EBD73,,0.90 ,2.10 ,D-04,0,58.83,39.75,-3.5,59.73,40.84,-1.4,,,,,,,,AE32B20A-96E1-4564-950D-4C0F4492A53A,9783A799-CBDB-49C6-957F-34194F26109E
1154,Door,69A3C36A-5F41-9A48-AE65-FC709B0D30EE,,0.90 ,2.10 ,D-02,0,67.73,43.74,0.1,68.71,44.64,2.2,,,,,,,,E9B0D077-B349-0849-AE23-131543CED7A7,B39568D6-B6C7-C146-994B-689BF51DE6BC
1155,Door,F0A61F24-80F3-EF4C-AB9A-51DD3ED8825E,,0.90 ,2.10 ,D-02,0,67.73,40.79,0.1,68.71,41.69,2.2,,,,,,,,902D0700-3B6C-B247-AA6B-0388695C23D6,B39568D6-B6C7-C146-994B-689BF51DE6BC
1156,Door,1CA9E8CA-F9A2-4046-969A-C1DD1FBC503F,,0.80 ,2.10 ,D-01,0,69.57,40.78,13.0,70.47,41.58,15.1,,,,,,,,5F932BED-7398-4E1B-B906-80F581E94E8E,D822F7A6-CD9E-473C-A708-1420AD810CED
1157,Door,DB9A0BDE-CD3A-4F72-B1E6-68FCA1C04769,,0.80 ,2.10 ,D-01,0,69.57,43.85,13.0,70.47,44.65,15.1,,,,,,,,7D674DD5-88EC-41D4-A1BE-095E056E7C00,D822F7A6-CD9E-473C-A708-1420AD810CED
1158,Door,AF0F0F11-5C4A-4977-BD7C-4EFFD759D36C,,0.90 ,2.10 ,D-02,0,72.99,44.94,13.0,73.97,45.84,15.1,,,,,,,,A2948DB0-5189-440A-9AD9-4A576953C2E1,38B7B76D-39EB-4899-9BC6-B27A38D9C4C0
1159,Door,4985A122-7325-2849-9D85-7301B6DFABE8,,0.90 ,2.10 ,D-02,0,50.12,43.87,0.1,51.02,44.84,2.2,,,,,,,,96A6DE67-EF19-CF44-A1DF-2FBE75ADF54C,FED30F07-1860-E34D-BFA1-C54C6CA84A99
1160,Door,EE1BE09C-2F33-0E41-8230-11FE8FCC88AA,,0.80 ,2.10 ,D-01,0,69.57,40.78,0.1,70.47,41.58,2.2,,,,,,,,2FEEC3EC-CA64-2C44-8946-87C77823054C,39967AD7-1758-0444-BE0E-919493E06349
1161,Door,FD8F510B-4988-334A-B65B-6C8A5F0E1B70,,0.80 ,2.10 ,D-01,0,69.57,43.85,0.1,70.47,44.65,2.2,,,,,,,,06EBD157-1964-9D40-A3B2-E169C511E5F9,39967AD7-1758-0444-BE0E-919493E06349
1162,Door,6150429B-6DC0-334E-8DBA-100A8E0DEBBD,,0.90 ,2.10 ,D-02,0,62.12,40.59,0.1,63.02,41.57,2.2,,,,,,,,6DDC0F28-772E-0040-BB9E-51749E40F88D,49FB8E3B-E91C-CE4D-9617-0019ACE66AC9
1163,Door,6CA19476-E717-0241-933F-03FC43B14258,,0.90 ,2.10 ,D-02,0,65.88,41.44,0.1,66.88,42.34,2.2,,,,,,,,8584F50C-73E9-6C40-907D-ACD972ACFE02,87F11C93-0798-0544-AD17-D2623421DBB4
1164,Door,A3E340F9-E337-1A4A-B136-EA6C415D81FD,,0.90 ,2.10 ,D-02,0,65.88,43.64,0.1,66.86,44.54,2.2,,,,,,,,74B2E649-F2A5-4943-87C4-63BDAE00AEB9,87F11C93-0798-0544-AD17-D2623421DBB4
1165,Door,68B0E029-B558-4AB2-9EC9-79F16C80239F,,0.80 ,2.10 ,D-01,0,70.59,43.85,13.0,71.48,44.65,15.1,,,,,,,,9F74DCB0-C5BA-48CC-9D3C-099B035C055D,20DACA9B-8E40-4ACC-9584-EC4FEFE7E0E0
1166,Door,6C2DAAA2-FD07-4F6A-B88C-70C5C41EECB0,,0.90 ,2.10 ,D-02,0,67.73,43.74,8.7,68.71,44.64,10.8,,,,,,,,DE4A3CD7-3898-43BC-9779-7435FC473661,C7BCD313-103A-407F-A15C-D5F7F374D3F0
1167,Door,5FD7BF04-887A-4960-B80F-BDA11100C2EB,,0.90 ,2.10 ,D-02,0,67.73,40.79,8.7,68.71,41.69,10.8,,,,,,,,710C5643-1B9E-4AAE-8761-C29FACADCD19,C7BCD313-103A-407F-A15C-D5F7F374D3F0
1168,Door,2930D8A3-18B8-4FA8-9A53-D3F5CED701C2,,0.90 ,2.10 ,D-02,0,57.83,44.94,13.0,58.8,45.84,15.1,,,,,,,,5E19745E-0C94-4BD4-9E4C-192669A860EB,459E9AD2-F83F-4967-89C7-7EEB7A3DD208
1169,Door,B86660CD-1262-4E68-90B2-6192DEB1D1D3,,0.90 ,2.10 ,D-02,0,65.88,41.44,13.0,66.86,42.34,15.1,,,,,,,,F78BD6DC-986D-4554-8E88-0394714970D4,81A1971B-B3C3-4E64-8AD0-F097CAB4A2DD
1170,Door,016C42F9-83DB-4B3B-B95E-BFDC46AAD498,,0.90 ,2.10 ,D-02,0,65.88,43.64,13.0,66.86,44.54,15.1,,,,,,,,360FA66D-AD76-462D-9D6A-6DA215F2503E,81A1971B-B3C3-4E64-8AD0-F097CAB4A2DD
1171,Door,F78FEDB9-FDDA-4747-BD2A-77BC03EDB7A4,,1.40 ,2.10 ,D-03,0,73.81,36.99,13.0,74.89,38.43,15.1,,,,,,,,E6EFB1A2-B371-448E-A134-F77D83DF4DC7,2C98AFAC-804B-435A-AD52-BE07A56078B5
1172,Door,95D63DA3-04A7-4DE9-A7C7-5ED4AED5ACE8,,0.90 ,2.10 ,E-01,0,60.27,40.59,-3.5,61.57,41.05,-1.4,,,,,,,,AC593249-B20B-441C-B420-4C87D79BA475,DD45CC54-2B4D-8948-8E4D-CE48C447F4CB
1173,Door,FA765537-1278-4BF0-8E0A-BF7F48448374,,0.90 ,2.10 ,E-01,0,60.27,40.59,0.1,61.57,41.05,2.2,,,,,,,,8A73AD9E-7AFA-479D-B925-653C547B91F1,64A71A94-F6A2-466E-AA81-19A49BC21A3B
1174,Door,C741E91E-41B3-4A05-88C0-DB083970CE5C,,0.90 ,2.10 ,D-02,0,67.73,43.74,13.0,68.71,44.64,15.1,,,,,,,,FE7C055D-F753-4030-B60F-2FDCAEDC6943,55F11684-72A8-4A3B-9FCA-20C980C65059
1175,Door,D3EE307A-C84C-47F3-9802-1CC5DE6FB2A4,,0.90 ,2.10 ,D-02,0,67.73,40.79,13.0,68.71,41.69,15.1,,,,,,,,07C4AB30-6ACD-4821-951F-668C45971DAD,55F11684-72A8-4A3B-9FCA-20C980C65059
1176,Door,00980123-5D47-41CA-AE02-560CF7735BE5,,0.90 ,2.10 ,D-02,0,62.12,40.59,13.0,63.02,41.57,15.1,,,,,,,,CD4FD1A7-1844-460A-B11D-A67875F0C622,CED6D9BD-D2C9-4094-BF22-8BA234BF7593
1177,Door,03A5AACE-DC13-40DD-B65C-355C1FD64A52,,0.90 ,2.10 ,E-01,0,60.27,40.59,4.4,61.57,41.05,6.5,,,,,,,,C8B7C237-2E14-4C69-A7EC-52D20B1DE294,73F69BC3-175C-458B-8E67-5C77A03AA757
1178,Door,893D2E92-FF63-4DC9-B97A-BF2FA8FA3B20,,0.90 ,2.10 ,D-04,0,58.77,40.59,13.0,59.67,41.67,15.1,,,,,,,,BA365066-6710-4291-B017-069172000205,2346FAD6-890D-7701-5F2A-C1AAB6AAF447
1179,Door,6E5E4031-71B9-0185-0148-3D93441E1096,,0.80 ,2.10 ,D-01,0,70.59,43.85,4.4,71.48,44.65,6.5,,,,,,,,605892D7-582A-9285-5382-BD873837DF2A,DF538CB2-C24E-765D-DACD-49CFD5C9EA30
1180,Door,09008978-106C-CA12-41C7-98A359F0D915,,1.40 ,2.10 ,D-03,0,56.91,36.99,4.4,57.98,38.43,6.5,,,,,,,,9DCE06BE-4C6A-8D2F-BD0E-73958AC1F5FB,94878D40-6D30-E513-E392-F6E7719C533E
1181,Door,61D8CE1E-2CB8-49D0-A990-E4E9AC17B9D8,,0.90 ,2.10 ,E-01,0,60.27,40.59,8.7,61.57,41.05,10.8,,,,,,,,0498E1D5-B2BA-4215-B628-A85C8DAC9FC2,115E26CD-5E3D-462E-8F48-3B219C1148A7
1182,Door,C789022F-EB31-0F0D-67CE-60AB90B51D40,,0.80 ,2.10 ,D-01,0,69.57,40.78,4.4,70.47,41.58,6.5,,,,,,,,A9841F47-FDF3-29A5-7FF4-3CB66922CCB1,4E51A226-FC23-1287-F9C0-9E020DB298DA
1183,Door,2097A755-6C9F-C440-CD14-E59D6F86E636,,0.80 ,2.10 ,D-01,0,69.57,43.85,4.4,70.47,44.65,6.5,,,,,,,,15AA3E67-FDF0-0223-B0A7-1FEEF0A11785,4E51A226-FC23-1287-F9C0-9E020DB298DA
1184,Door,48E37F97-86CB-40BF-B160-93C5A92E5A24,,0.90 ,2.10 ,D-02,0,62.12,40.59,8.7,63.02,41.57,10.8,,,,,,,,867141A5-3C2F-4567-8058-AEE05CA0DAC1,E93C6C6C-1336-4015-A794-A30F38F7489A
1185,Door,22BDB195-0F05-8297-1F09-6CCD6011C00E,,0.90 ,2.10 ,D-02,0,72.99,44.94,4.4,73.97,45.84,6.5,,,,,,,,7E623A93-1C37-DAF0-638B-7FB9EE30B91A,4D8355C1-8314-09F3-308E-28BCF1392EEF
1186,Door,70242541-7E18-46FD-98E4-4A99A865495B,,1.40 ,2.10 ,D-03,0,56.91,36.99,13.0,57.98,38.43,15.1,,,,,,,,E22CA6C2-AD63-4BCE-B8C3-44E70685A6BB,5627CF16-07B4-464D-8480-DE7DBACF1B58
1187,Door,CE75BCE7-E568-5C50-19DE-E149A6BF7C82,,0.90 ,2.10 ,D-02,0,57.83,44.94,4.4,58.8,45.84,6.5,,,,,,,,C065AF0F-4188-24E4-2CFC-1504BC97A341,2D8B5DB6-F537-C31D-973D-490183F937E0
1188,Door,3180943D-5A0F-8739-E02C-732573210E8E,,0.90 ,2.10 ,D-02,0,65.88,41.44,4.4,66.86,42.34,6.5,,,,,,,,33043FE7-7649-9EAE-A3EA-59062DDB7ABB,95E42E1A-41A9-590C-0619-CD35F4A3A306
1189,Door,C0168B3E-7278-ABE9-EF08-C2AD5EC6D23C,,0.90 ,2.10 ,D-02,0,65.88,43.64,4.4,66.86,44.54,6.5,,,,,,,,555801E9-17E3-3115-7F1E-869F1B99BEC1,95E42E1A-41A9-590C-0619-CD35F4A3A306
1190,Door,06A50675-FFC2-3908-2288-37609BE196A8,,1.40 ,2.10 ,D-03,0,73.81,36.99,4.4,74.89,38.43,6.5,,,,,,,,5F136792-5638-175B-17DB-3F070E48B292,B54BB234-822D-DA23-E87B-B1E425850A33
1191,Door,EAB6CE66-6B57-014F-E37B-17AD79C98138,,0.80 ,2.10 ,D-01,0,70.59,40.78,4.4,71.48,41.58,6.5,,,,,,,,9FD455CD-49DA-65D4-52DD-F21516449A6C,5AFBB4C2-8632-D8FB-8041-9A769366313E
1192,Door,C0998241-AA02-23F2-2EE5-33E99476DF4F,,0.80 ,2.10 ,D-01,0,70.59,41.79,4.4,71.48,42.59,6.5,,,,,,,,0A7DEDE9-4587-F52D-FA35-B84B6C21B96E,5AFBB4C2-8632-D8FB-8041-9A769366313E
1193,Door,7C9CFE23-3C50-FAA7-F446-BAE65E456E81,,0.90 ,2.10 ,D-02,0,62.12,40.59,4.4,63.02,41.57,6.5,,,,,,,,FE99754B-30E6-AC0F-EE37-F2279B3EE0A2,6EF8B238-3F42-E68E-B90D-0909F4FB3E30
1194,Door,FA732D0B-AC53-B871-8DF6-B35EBEBB62D3,,0.90 ,2.10 ,D-02,0,67.73,43.74,4.4,68.71,44.64,6.5,,,,,,,,C6728EE8-106D-CA3F-1784-DC21EAA8DEDD,849B6EA7-5E51-3BFF-BB80-BB93C9C1A30A
1195,Door,881224AA-1F1D-3DA2-B461-76DE78FFB799,,0.90 ,2.10 ,D-02,0,67.73,40.79,4.4,68.71,41.69,6.5,,,,,,,,BC989EFD-228B-1AFD-07CE-8BA2FDE7AB8E,849B6EA7-5E51-3BFF-BB80-BB93C9C1A30A
1196,Door,72CD7DBE-75D6-465F-A6EB-DB15C48C7F80,,0.90 ,2.10 ,D_02,0,58.77,44.59,0.1,59.67,45.67,2.2,,,,,,,,57CE00F0-A0E6-4713-AF1C-F5C9D6C2ECEC,C79B62B5-3BE0-4CA8-ACAC-5E2CACEBA2FC
1197,Door,9258F5EA-2D37-4228-9ECB-38D78B10AA43,,0.90 ,2.10 ,D-04,0,58.77,40.59,8.7,59.67,41.67,10.8,,,,,,,,2936ABF0-F896-41C8-9798-55A0A2EC4A71,3615AB27-B393-8981-0CB3-B422855AEF8A
1198,Door,956497AE-75DE-4D68-92A2-A89B708B6E6B,,0.90 ,2.10 ,E-01,0,60.27,40.59,13.0,61.57,41.05,15.1,,,,,,,,EFD2B8AE-32D9-4B4B-BC06-3406941D4785,3F5ED386-6307-4E9C-86E3-7C83CB05A2EC
1199,Door,E64C37A3-37F8-4545-86FE-32F013EE4E99,,0.80 ,2.10 ,D-01,0,70.59,40.78,8.7,71.48,41.58,10.8,,,,,,,,13DF6D2C-A622-49C4-B398-D886A9867447,03C432DA-A215-4B6C-A55D-E25D784D5A69
1200,Door,98D68DB2-8B53-4226-A513-E9695D888E1D,,0.80 ,2.10 ,D-01,0,70.59,41.79,8.7,71.48,42.59,10.8,,,,,,,,37153BFE-D9FA-4645-A2D7-2597A0A8B630,03C432DA-A215-4B6C-A55D-E25D784D5A69
1201,Door,0391DC07-35F6-48A9-80F7-08AD39F3DA09,,1.40 ,2.10 ,D-03,0,73.81,36.99,8.7,74.89,38.43,10.8,,,,,,,,14742D62-5547-4C9A-8228-2FFC41560BCD,95611FC9-1C03-48BE-AA83-64922B4AF4CC
1202,Door,814EFDD8-B7C4-4F9E-B437-81EEC60B4D5B,,0.90 ,2.10 ,D-02,0,65.88,41.44,8.7,66.86,42.34,10.8,,,,,,,,B264DCB7-E463-47BD-BC57-0861FF13FDC4,9EE029B1-8E81-42F2-A356-E3DA007C973F
1203,Door,A00FED73-5AE6-4315-A13E-615DFEF2CD3C,,0.90 ,2.10 ,D-02,0,65.88,43.64,8.7,66.86,44.54,10.8,,,,,,,,9C1D4126-DF1A-4CCF-B497-4B70744E0A3E,9EE029B1-8E81-42F2-A356-E3DA007C973F
1204,Door,575EB0BE-FE53-446A-BDE6-C9297398DED9,,0.90 ,2.10 ,D-02,0,72.99,44.94,8.7,73.97,45.84,10.8,,,,,,,,F0B98116-4C12-4877-AD06-88717FE87A91,B179712B-CA63-4C86-9D9E-A14A6C70EF66
1205,Door,045FC85D-8671-4A9C-9808-F7019A976F69,,0.90 ,2.10 ,D-02,0,57.83,44.94,8.7,58.8,45.84,10.8,,,,,,,,11424ADC-75AC-489D-AED5-DFBB71E2C4D7,965F7BB7-F6CC-4374-90D2-4CB10BAAB2A0
1206,Door,6F13E6E6-430B-4EDA-84DC-8CE629239CCA,,0.80 ,2.10 ,D-01,0,69.57,40.78,8.7,70.47,41.58,10.8,,,,,,,,71A20D3D-064F-4E8F-B084-79D45B277191,1EB9654C-6DC5-43EE-B191-CC150AE246A5
1207,Door,BC202966-8DF7-4D25-AD96-8A9A2E540A79,,0.80 ,2.10 ,D-01,0,69.57,43.85,8.7,70.47,44.65,10.8,,,,,,,,E9A6752C-23EB-4073-89FD-5743525E3EAF,1EB9654C-6DC5-43EE-B191-CC150AE246A5
1208,Door,5BB348EB-EC54-45D7-BCF3-040EA686C7FF,,0.80 ,2.10 ,D-01,0,70.59,43.85,8.7,71.48,44.65,10.8,,,,,,,,F5E198B7-1BBE-4CF8-B603-0AA8C7593798,8E9C2EAE-8536-4DCA-ABFE-E042A32E2222
1209,Door,6CA349CF-4E48-46A6-BEF9-4E95858D81F1,,1.40 ,2.10 ,D-03,0,56.91,36.99,8.7,57.98,38.43,10.8,,,,,,,,CDB2B726-A53E-4BAE-9F1D-CC05E88AEBF1,88630E7D-E639-45A5-B042-CBCE209FDF8E
1210,Door,1FE81C16-0D3C-47C7-ACB5-39BA87F87D57,,0.80 ,2.10 ,D-01,0,70.59,40.78,13.0,71.48,41.58,15.1,,,,,,,,A176D276-8B13-4B56-B357-5AF18E7A0080,D8B84987-D463-4CD2-83FF-41382F703488
1211,Door,5BCA0D67-280C-4D4D-A7A8-02A314D1C42D,,0.80 ,2.10 ,D-01,0,70.59,41.79,13.0,71.48,42.59,15.1,,,,,,,,1CA03D48-2861-4012-B5B2-3CBD2DB897FD,D8B84987-D463-4CD2-83FF-41382F703488
1212,Door,86C24150-A369-4E02-8883-D5093D94C078,,0.90 ,2.10 ,D-04,0,58.77,39.75,0.1,59.67,40.84,2.2,,,,,,,,7D839616-C317-43C1-A92F-25A91612A17D,ED974014-A982-1A4B-8D9D-C297178CCAA9
