node_id,element_type,guid,associated_element_guid,text,length,pos_x,pos_y,info_string,bb_xmin,bb_ymin,bb_zmin,bb_xmax,bb_ymax,bb_zmax,width,height,label_type,embedded_door_guid,zone_stamp_guid,room_name,room_number,room_height,embedded_in_wall_guid,marker_guid
0,DimNode 0,9395F5F5-2CF4-4DD0-B40B-343674E421F7,00000000-0000-0000-0000-000000000000,0.00,0.00,33.18,24.87,Dim Node 0,33.17,24.87,0.0,33.18,24.88,0.0,,,,,,,,,,
1,DimNode 1,9395F5F5-2CF4-4DD0-B40B-343674E421F7,00000000-0000-0000-0000-000000000000,4.61,4.61,37.79,24.87,Dim Node 1,37.78,24.87,0.0,37.79,24.88,0.0,,,,,,,,,,
2,Dimension,9395F5F5-2CF4-4DD0-B40B-343674E421F7,,,4.61,,,Dim 1,33.1,24.72,0.0,37.87,25.02,0.0,,,,,,,,,,
3,DimNode 2,1F714698-575A-488F-A8A0-0BC34555C849,00000000-0000-0000-0000-000000000000,0.00,0.00,30.13,27.17,Dim Node 2,30.12,27.17,0.0,30.13,27.18,0.0,,,,,,,,,,
4,DimNode 3,1F714698-575A-488F-A8A0-0BC34555C849,00000000-0000-0000-0000-000000000000,5.75,5.75,35.88,27.17,Dim Node 3,35.87,27.17,0.0,35.88,27.18,0.0,,,,,,,,,,
5,Dimension,1F714698-575A-488F-A8A0-0BC34555C849,,,5.75,,,Dim 2,30.05,27.02,0.0,35.96,27.32,0.0,,,,,,,,,,
6,DimNode 4,34CAF900-6905-7911-D7D7-665996673EFA,00000000-0000-0000-0000-000000000000,0.00,0.00,29.3,27.45,Dim Node 4,29.29,27.45,0.0,29.3,27.46,0.0,,,,,,,,,,
7,DimNode 5,34CAF900-6905-7911-D7D7-665996673EFA,00000000-0000-0000-0000-000000000000,5.75,5.75,35.05,27.45,Dim Node 5,35.04,27.45,0.0,35.05,27.46,0.0,,,,,,,,,,
8,Dimension,34CAF900-6905-7911-D7D7-665996673EFA,,,5.75,,,Dim 3,29.22,27.3,0.0,35.13,27.6,0.0,,,,,,,,,,
9,DimNode 6,4C353BA0-226C-DDD3-BDB0-9F3E18F34954,00000000-0000-0000-0000-000000000000,0.00,0.00,32.35,25.15,Dim Node 6,32.34,25.15,0.0,32.35,25.16,0.0,,,,,,,,,,
10,DimNode 7,4C353BA0-226C-DDD3-BDB0-9F3E18F34954,00000000-0000-0000-0000-000000000000,4.61,4.61,36.96,25.15,Dim Node 7,36.95,25.15,0.0,36.96,25.16,0.0,,,,,,,,,,
11,Dimension,4C353BA0-226C-DDD3-BDB0-9F3E18F34954,,,4.61,,,Dim 4,32.27,25.0,0.0,37.04,25.3,0.0,,,,,,,,,,
12,DimNode 8,F563FD7E-77CA-4F15-ADD7-D74DA6837072,00000000-0000-0000-0000-000000000000,0.00,0.00,402.37,-317.56,Dim Node 8,402.37,-317.56,0.0,402.38,-317.55,0.0,,,,,,,,,,
13,DimNode 9,F563FD7E-77CA-4F15-ADD7-D74DA6837072,00000000-0000-0000-0000-000000000000,37.51,37.51,435.53,-300.02,Dim Node 9,435.52,-300.03,0.0,435.53,-300.02,0.0,,,,,,,,,,
14,Dimension,F563FD7E-77CA-4F15-ADD7-D74DA6837072,,,37.51,,,Dim 5,402.22,-317.64,0.0,435.68,-299.94,0.0,,,,,,,,,,
15,DimNode 10,2E373F28-DC6A-445C-BD7B-F1459DEDD777,00000000-0000-0000-0000-000000000000,0.00,0.00,436.59,-297.41,Dim Node 10,436.59,-297.41,0.0,436.6,-297.4,0.0,,,,,,,,,,
16,DimNode 11,2E373F28-DC6A-445C-BD7B-F1459DEDD777,00000000-0000-0000-0000-000000000000,12.20,12.20,433.7,-285.56,Dim Node 11,433.69,-285.57,0.0,433.7,-285.56,0.0,,,,,,,,,,
17,Dimension,2E373F28-DC6A-445C-BD7B-F1459DEDD777,,,12.20,,,Dim 6,433.55,-297.49,0.0,436.74,-285.48,0.0,,,,,,,,,,
18,DimNode 12,D63D7E87-3142-4A76-9179-AABCD27C6CBE,00000000-0000-0000-0000-000000000000,0.00,0.00,402.96,-318.49,Dim Node 12,402.96,-318.5,0.0,402.97,-318.49,0.0,,,,,,,,,,
19,DimNode 13,D63D7E87-3142-4A76-9179-AABCD27C6CBE,00000000-0000-0000-0000-000000000000,10.00,10.00,411.79,-313.8,Dim Node 13,411.79,-313.81,0.0,411.8,-313.8,0.0,,,,,,,,,,
20,DimNode 14,D63D7E87-3142-4A76-9179-AABCD27C6CBE,00000000-0000-0000-0000-000000000000,10.00,10.00,420.63,-309.12,Dim Node 14,420.62,-309.12,0.0,420.63,-309.11,0.0,,,,,,,,,,
21,DimNode 15,D63D7E87-3142-4A76-9179-AABCD27C6CBE,00000000-0000-0000-0000-000000000000,10.00,10.00,429.46,-304.43,Dim Node 15,429.45,-304.43,0.0,429.46,-304.42,0.0,,,,,,,,,,
22,DimNode 16,D63D7E87-3142-4A76-9179-AABCD27C6CBE,7F87D542-FFC6-4E20-BF40-15B83C226916,5.25,5.25,434.1,-301.96,Dim Node 16,434.09,-301.97,0.0,434.1,-301.96,0.0,,,,,,,,,,
23,DimNode 17,D63D7E87-3142-4A76-9179-AABCD27C6CBE,00000000-0000-0000-0000-000000000000,4.25,4.25,437.85,-299.97,Dim Node 17,437.84,-299.98,0.0,437.85,-299.97,0.0,,,,,,,,,,
24,Dimension,D63D7E87-3142-4A76-9179-AABCD27C6CBE,,,39.50,,,Dim 7,402.81,-318.57,0.0,438.0,-299.89,0.0,,,,,,,,,,
25,DimNode 18,0D0E49F1-DCF7-4979-8DA3-E4AC9B467E81,00000000-0000-0000-0000-000000000000,0.00,0.00,399.48,-316.98,Dim Node 18,399.47,-316.99,0.0,399.48,-316.98,0.0,,,,,,,,,,
26,DimNode 19,0D0E49F1-DCF7-4979-8DA3-E4AC9B467E81,00000000-0000-0000-0000-000000000000,4.00,4.00,397.6,-313.45,Dim Node 19,397.6,-313.46,0.0,397.61,-313.45,0.0,,,,,,,,,,
27,Dimension,0D0E49F1-DCF7-4979-8DA3-E4AC9B467E81,,,4.00,,,Dim 8,397.45,-317.06,0.0,399.63,-313.37,0.0,,,,,,,,,,
28,DimNode 20,D22903A3-14F2-42F0-AF2B-77A5A4C87F83,00000000-0000-0000-0000-000000000000,0.00,0.00,429.66,-296.2,Dim Node 20,429.66,-296.2,0.0,429.67,-296.19,0.0,,,,,,,,,,
29,DimNode 21,D22903A3-14F2-42F0-AF2B-77A5A4C87F83,00000000-0000-0000-0000-000000000000,9.41,9.41,427.43,-287.06,Dim Node 21,427.42,-287.07,0.0,427.43,-287.06,0.0,,,,,,,,,,
30,Dimension,D22903A3-14F2-42F0-AF2B-77A5A4C87F83,,,9.41,,,Dim 9,427.28,-296.32,0.0,429.81,-286.94,0.0,,,,,,,,,,
31,DimNode 22,E47FFE9D-B080-452F-894D-03EC4A41F030,00000000-0000-0000-0000-000000000000,0.00,0.00,408.08,-329.4,Dim Node 22,408.08,-329.41,0.0,408.09,-329.4,0.0,,,,,,,,,,
32,DimNode 23,E47FFE9D-B080-452F-894D-03EC4A41F030,00000000-0000-0000-0000-000000000000,6.42,6.42,408.08,-322.98,Dim Node 23,408.08,-322.98,0.0,408.09,-322.97,0.0,,,,,,,,,,
33,DimNode 24,E47FFE9D-B080-452F-894D-03EC4A41F030,00000000-0000-0000-0000-000000000000,6.42,6.42,408.08,-316.56,Dim Node 24,408.08,-316.56,0.0,408.09,-316.55,0.0,,,,,,,,,,
34,DimNode 25,E47FFE9D-B080-452F-894D-03EC4A41F030,00000000-0000-0000-0000-000000000000,6.42,6.42,408.08,-310.13,Dim Node 25,408.08,-310.14,0.0,408.09,-310.13,0.0,,,,,,,,,,
35,DimNode 26,E47FFE9D-B080-452F-894D-03EC4A41F030,00000000-0000-0000-0000-000000000000,6.42,6.42,408.08,-303.71,Dim Node 26,408.08,-303.72,0.0,408.09,-303.71,0.0,,,,,,,,,,
36,DimNode 27,E47FFE9D-B080-452F-894D-03EC4A41F030,00000000-0000-0000-0000-000000000000,6.42,6.42,408.08,-297.29,Dim Node 27,408.08,-297.29,0.0,408.09,-297.28,0.0,,,,,,,,,,
37,DimNode 28,E47FFE9D-B080-452F-894D-03EC4A41F030,00000000-0000-0000-0000-000000000000,6.50,6.50,408.08,-290.79,Dim Node 28,408.08,-290.8,0.0,408.09,-290.79,0.0,,,,,,,,,,
38,Dimension,E47FFE9D-B080-452F-894D-03EC4A41F030,,,38.61,,,Dim 10,407.93,-329.48,10.0,408.23,-290.71,10.0,,,,,,,,,,
39,DimNode 29,27B182D4-FFF3-4291-9932-2DC4BF082D6C,00000000-0000-0000-0000-000000000000,0.00,0.00,428.39,-375.07,Dim Node 29,428.38,-375.07,0.0,428.39,-375.06,0.0,,,,,,,,,,
40,DimNode 30,27B182D4-FFF3-4291-9932-2DC4BF082D6C,00000000-0000-0000-0000-000000000000,5.58,5.58,425.95,-370.05,Dim Node 30,425.94,-370.06,0.0,425.95,-370.05,0.0,,,,,,,,,,
41,DimNode 31,27B182D4-FFF3-4291-9932-2DC4BF082D6C,00000000-0000-0000-0000-000000000000,6.14,6.14,423.26,-364.53,Dim Node 31,423.26,-364.54,0.0,423.27,-364.53,0.0,,,,,,,,,,
42,DimNode 32,27B182D4-FFF3-4291-9932-2DC4BF082D6C,FE2179CD-1211-4829-A61B-0BA09B840018,6.14,6.14,420.58,-359.01,Dim Node 32,420.57,-359.01,0.0,420.58,-359.0,0.0,,,,,,,,,,
43,DimNode 33,27B182D4-FFF3-4291-9932-2DC4BF082D6C,00000000-0000-0000-0000-000000000000,6.14,6.14,417.89,-353.49,Dim Node 33,417.89,-353.49,0.0,417.9,-353.48,0.0,,,,,,,,,,
44,DimNode 34,27B182D4-FFF3-4291-9932-2DC4BF082D6C,00000000-0000-0000-0000-000000000000,6.14,6.14,415.21,-347.97,Dim Node 34,415.2,-347.97,0.0,415.21,-347.96,0.0,,,,,,,,,,
45,DimNode 35,27B182D4-FFF3-4291-9932-2DC4BF082D6C,405FD2C4-7270-48E2-8362-03302BD3275F,6.14,6.14,412.52,-342.44,Dim Node 35,412.52,-342.45,0.0,412.53,-342.44,0.0,,,,,,,,,,
46,DimNode 36,27B182D4-FFF3-4291-9932-2DC4BF082D6C,00000000-0000-0000-0000-000000000000,6.37,6.37,409.73,-336.71,Dim Node 36,409.73,-336.72,0.0,409.74,-336.71,0.0,,,,,,,,,,
47,Dimension,27B182D4-FFF3-4291-9932-2DC4BF082D6C,,,42.65,,,Dim 11,409.58,-375.15,10.0,428.54,-336.63,10.0,,,,,,,,,,
48,DimNode 37,3E628F08-B0D5-4948-9302-DF9305883CD3,00000000-0000-0000-0000-000000000000,0.00,0.00,407.87,-329.43,Dim Node 37,407.86,-329.43,0.0,407.87,-329.42,0.0,,,,,,,,,,
49,DimNode 38,3E628F08-B0D5-4948-9302-DF9305883CD3,00000000-0000-0000-0000-000000000000,7.51,7.51,409.66,-336.72,Dim Node 38,409.65,-336.72,0.0,409.66,-336.71,0.0,,,,,,,,,,
50,Dimension,3E628F08-B0D5-4948-9302-DF9305883CD3,,,7.51,,,Dim 12,407.72,-336.8,10.0,409.81,-329.35,10.0,,,,,,,,,,
51,DimNode 39,AC7C0075-F4DF-49EB-97B1-41D9E2E07947,00000000-0000-0000-0000-000000000000,0.00,0.00,430.91,-376.44,Dim Node 39,430.9,-376.44,0.0,430.91,-376.43,0.0,,,,,,,,,,
52,DimNode 40,AC7C0075-F4DF-49EB-97B1-41D9E2E07947,00000000-0000-0000-0000-000000000000,"15,00",15.01,444.4,-369.87,Dim Node 40,444.4,-369.88,0.0,444.41,-369.87,0.0,,,,,,,,,,
53,Dimension,AC7C0075-F4DF-49EB-97B1-41D9E2E07947,,,15.01,,,Dim 13,430.76,-376.52,10.0,444.55,-369.79,10.0,,,,,,,,,,
54,DimNode 41,1AF08088-F96F-4DBD-9E2C-D21AEECA2141,00000000-0000-0000-0000-000000000000,0.00,0.00,426.36,-329.31,Dim Node 41,426.35,-329.31,0.0,426.36,-329.3,0.0,,,,,,,,,,
55,DimNode 42,1AF08088-F96F-4DBD-9E2C-D21AEECA2141,00000000-0000-0000-0000-000000000000,38.38,38.38,426.36,-290.93,Dim Node 42,426.35,-290.93,0.0,426.36,-290.92,0.0,,,,,,,,,,
56,Dimension,1AF08088-F96F-4DBD-9E2C-D21AEECA2141,,,38.38,,,Dim 14,426.21,-329.39,10.0,426.51,-290.85,10.0,,,,,,,,,,
57,DimNode 43,512A74BF-BCD5-4FD7-B27C-B9F97D61E754,00000000-0000-0000-0000-000000000000,0.00,0.00,426.11,-328.79,Dim Node 43,426.1,-328.8,0.0,426.11,-328.79,0.0,,,,,,,,,,
58,DimNode 44,512A74BF-BCD5-4FD7-B27C-B9F97D61E754,00000000-0000-0000-0000-000000000000,42.61,42.61,444.65,-367.16,Dim Node 44,444.64,-367.16,0.0,444.65,-367.15,0.0,,,,,,,,,,
59,Dimension,512A74BF-BCD5-4FD7-B27C-B9F97D61E754,,,42.61,,,Dim 15,425.96,-367.24,10.0,444.8,-328.71,10.0,,,,,,,,,,
60,DimNode 45,49636099-BECD-4C37-B954-C63323C7B445,00000000-0000-0000-0000-000000000000,0.00,0.00,408.08,-329.4,Dim Node 45,408.08,-329.41,0.0,408.09,-329.4,0.0,,,,,,,,,,
61,DimNode 46,49636099-BECD-4C37-B954-C63323C7B445,00000000-0000-0000-0000-000000000000,6.42,6.42,408.08,-322.98,Dim Node 46,408.08,-322.98,0.0,408.09,-322.97,0.0,,,,,,,,,,
62,DimNode 47,49636099-BECD-4C37-B954-C63323C7B445,00000000-0000-0000-0000-000000000000,6.42,6.42,408.08,-316.56,Dim Node 47,408.08,-316.56,0.0,408.09,-316.55,0.0,,,,,,,,,,
63,DimNode 48,49636099-BECD-4C37-B954-C63323C7B445,00000000-0000-0000-0000-000000000000,6.42,6.42,408.08,-310.13,Dim Node 48,408.08,-310.14,0.0,408.09,-310.13,0.0,,,,,,,,,,
64,DimNode 49,49636099-BECD-4C37-B954-C63323C7B445,00000000-0000-0000-0000-000000000000,6.42,6.42,408.08,-303.71,Dim Node 49,408.08,-303.72,0.0,408.09,-303.71,0.0,,,,,,,,,,
65,DimNode 50,49636099-BECD-4C37-B954-C63323C7B445,00000000-0000-0000-0000-000000000000,6.42,6.42,408.08,-297.29,Dim Node 50,408.08,-297.29,0.0,408.09,-297.28,0.0,,,,,,,,,,
66,DimNode 51,49636099-BECD-4C37-B954-C63323C7B445,00000000-0000-0000-0000-000000000000,6.50,6.50,408.08,-290.79,Dim Node 51,408.08,-290.8,0.0,408.09,-290.79,0.0,,,,,,,,,,
67,Dimension,49636099-BECD-4C37-B954-C63323C7B445,,,38.61,,,Dim 16,407.93,-329.48,12.5,408.23,-290.71,12.5,,,,,,,,,,
68,DimNode 52,C2DB6F63-EE11-4FDD-AD76-5C8ED9BDB111,00000000-0000-0000-0000-000000000000,0.00,0.00,409.73,-336.71,Dim Node 52,409.73,-336.72,0.0,409.74,-336.71,0.0,,,,,,,,,,
69,DimNode 53,C2DB6F63-EE11-4FDD-AD76-5C8ED9BDB111,00000000-0000-0000-0000-000000000000,6.37,6.37,412.52,-342.44,Dim Node 53,412.52,-342.45,0.0,412.53,-342.44,0.0,,,,,,,,,,
70,DimNode 54,C2DB6F63-EE11-4FDD-AD76-5C8ED9BDB111,00000000-0000-0000-0000-000000000000,6.13,6.13,415.2,-347.95,Dim Node 54,415.2,-347.96,0.0,415.21,-347.95,0.0,,,,,,,,,,
71,DimNode 55,C2DB6F63-EE11-4FDD-AD76-5C8ED9BDB111,00000000-0000-0000-0000-000000000000,6.14,6.14,417.89,-353.47,Dim Node 55,417.88,-353.48,0.0,417.89,-353.47,0.0,,,,,,,,,,
72,DimNode 56,C2DB6F63-EE11-4FDD-AD76-5C8ED9BDB111,00000000-0000-0000-0000-000000000000,6.15,6.15,420.58,-359.01,Dim Node 56,420.57,-359.01,0.0,420.58,-359.0,0.0,,,,,,,,,,
73,DimNode 57,C2DB6F63-EE11-4FDD-AD76-5C8ED9BDB111,00000000-0000-0000-0000-000000000000,6.13,6.13,423.26,-364.52,Dim Node 57,423.25,-364.52,0.0,423.26,-364.51,0.0,,,,,,,,,,
74,DimNode 58,C2DB6F63-EE11-4FDD-AD76-5C8ED9BDB111,00000000-0000-0000-0000-000000000000,6.14,6.14,425.94,-370.04,Dim Node 58,425.94,-370.04,0.0,425.95,-370.03,0.0,,,,,,,,,,
75,DimNode 59,C2DB6F63-EE11-4FDD-AD76-5C8ED9BDB111,00000000-0000-0000-0000-000000000000,5.58,5.58,428.38,-375.05,Dim Node 59,428.38,-375.06,0.0,428.39,-375.05,0.0,,,,,,,,,,
76,Dimension,C2DB6F63-EE11-4FDD-AD76-5C8ED9BDB111,,,42.63,,,Dim 17,409.58,-375.13,12.5,428.53,-336.63,12.5,,,,,,,,,,
77,DimNode 60,B44C0719-719A-48FA-AFF6-4B53D75674BC,3BAF298E-3A8D-4216-870F-490007FD2343,0.00,0.00,409.64,-336.74,Dim Node 60,409.63,-336.75,0.0,409.64,-336.74,0.0,,,,,,,,,,
78,DimNode 61,B44C0719-719A-48FA-AFF6-4B53D75674BC,00000000-0000-0000-0000-000000000000,7.50,7.50,407.88,-329.45,Dim Node 61,407.88,-329.46,0.0,407.89,-329.45,0.0,,,,,,,,,,
79,Dimension,B44C0719-719A-48FA-AFF6-4B53D75674BC,,,7.50,,,Dim 18,407.73,-336.82,12.5,409.79,-329.37,12.5,,,,,,,,,,
80,DimNode 62,66AAF9FB-ABBC-4323-8B3A-794541F4AB0A,00000000-0000-0000-0000-000000000000,0.00,0.00,408.08,-329.4,Dim Node 62,408.08,-329.41,0.0,408.09,-329.4,0.0,,,,,,,,,,
81,DimNode 63,66AAF9FB-ABBC-4323-8B3A-794541F4AB0A,00000000-0000-0000-0000-000000000000,6.42,6.42,408.08,-322.98,Dim Node 63,408.08,-322.98,0.0,408.09,-322.97,0.0,,,,,,,,,,
82,DimNode 64,66AAF9FB-ABBC-4323-8B3A-794541F4AB0A,00000000-0000-0000-0000-000000000000,6.42,6.42,408.08,-316.56,Dim Node 64,408.08,-316.56,0.0,408.09,-316.55,0.0,,,,,,,,,,
83,DimNode 65,66AAF9FB-ABBC-4323-8B3A-794541F4AB0A,00000000-0000-0000-0000-000000000000,6.42,6.42,408.08,-310.13,Dim Node 65,408.08,-310.14,0.0,408.09,-310.13,0.0,,,,,,,,,,
84,DimNode 66,66AAF9FB-ABBC-4323-8B3A-794541F4AB0A,00000000-0000-0000-0000-000000000000,6.42,6.42,408.08,-303.71,Dim Node 66,408.08,-303.72,0.0,408.09,-303.71,0.0,,,,,,,,,,
85,DimNode 67,66AAF9FB-ABBC-4323-8B3A-794541F4AB0A,00000000-0000-0000-0000-000000000000,0.00,0.00,408.08,-303.71,Dim Node 67,408.08,-303.72,0.0,408.09,-303.71,0.0,,,,,,,,,,
86,DimNode 68,66AAF9FB-ABBC-4323-8B3A-794541F4AB0A,00000000-0000-0000-0000-000000000000,6.42,6.42,408.08,-297.29,Dim Node 68,408.08,-297.29,0.0,408.09,-297.28,0.0,,,,,,,,,,
87,DimNode 69,66AAF9FB-ABBC-4323-8B3A-794541F4AB0A,00000000-0000-0000-0000-000000000000,6.50,6.50,408.08,-290.79,Dim Node 69,408.08,-290.8,0.0,408.09,-290.79,0.0,,,,,,,,,,
88,Dimension,66AAF9FB-ABBC-4323-8B3A-794541F4AB0A,,,38.61,,,Dim 19,407.93,-329.48,15.0,408.23,-290.71,15.0,,,,,,,,,,
89,DimNode 70,6327708B-49F8-4509-AC98-585A08889C84,00000000-0000-0000-0000-000000000000,0.00,0.00,409.73,-336.71,Dim Node 70,409.73,-336.72,0.0,409.74,-336.71,0.0,,,,,,,,,,
90,DimNode 71,6327708B-49F8-4509-AC98-585A08889C84,00000000-0000-0000-0000-000000000000,6.37,6.37,412.52,-342.44,Dim Node 71,412.52,-342.45,0.0,412.53,-342.44,0.0,,,,,,,,,,
91,DimNode 72,6327708B-49F8-4509-AC98-585A08889C84,00000000-0000-0000-0000-000000000000,6.13,6.13,415.2,-347.95,Dim Node 72,415.2,-347.96,0.0,415.21,-347.95,0.0,,,,,,,,,,
92,DimNode 73,6327708B-49F8-4509-AC98-585A08889C84,00000000-0000-0000-0000-000000000000,6.14,6.14,417.89,-353.47,Dim Node 73,417.88,-353.48,0.0,417.89,-353.47,0.0,,,,,,,,,,
93,DimNode 74,6327708B-49F8-4509-AC98-585A08889C84,00000000-0000-0000-0000-000000000000,6.15,6.15,420.58,-359.01,Dim Node 74,420.57,-359.01,0.0,420.58,-359.0,0.0,,,,,,,,,,
94,DimNode 75,6327708B-49F8-4509-AC98-585A08889C84,00000000-0000-0000-0000-000000000000,6.13,6.13,423.26,-364.52,Dim Node 75,423.25,-364.52,0.0,423.26,-364.51,0.0,,,,,,,,,,
95,DimNode 76,6327708B-49F8-4509-AC98-585A08889C84,00000000-0000-0000-0000-000000000000,6.14,6.14,425.94,-370.04,Dim Node 76,425.94,-370.04,0.0,425.95,-370.03,0.0,,,,,,,,,,
96,DimNode 77,6327708B-49F8-4509-AC98-585A08889C84,00000000-0000-0000-0000-000000000000,5.58,5.58,428.38,-375.05,Dim Node 77,428.38,-375.06,0.0,428.39,-375.05,0.0,,,,,,,,,,
97,Dimension,6327708B-49F8-4509-AC98-585A08889C84,,,42.63,,,Dim 20,409.58,-375.13,15.0,428.53,-336.63,15.0,,,,,,,,,,
98,DimNode 78,1F455243-1F13-4555-93D0-A363B667C5A5,00000000-0000-0000-0000-000000000000,0.00,0.00,409.57,-336.75,Dim Node 78,409.57,-336.76,0.0,409.58,-336.75,0.0,,,,,,,,,,
99,DimNode 79,1F455243-1F13-4555-93D0-A363B667C5A5,00000000-0000-0000-0000-000000000000,7.50,7.50,407.95,-329.43,Dim Node 79,407.94,-329.44,0.0,407.95,-329.43,0.0,,,,,,,,,,
100,Dimension,1F455243-1F13-4555-93D0-A363B667C5A5,,,7.50,,,Dim 21,407.8,-336.83,15.0,409.72,-329.35,15.0,,,,,,,,,,
101,DimNode 80,456B916E-28E0-45DD-8B77-A2D463D9FEBC,BDD21AB9-460F-46AC-8467-01C3523207A7,0.00,0.00,426.36,-329.4,Dim Node 80,426.35,-329.41,0.0,426.36,-329.4,0.0,,,,,,,,,,
102,DimNode 81,456B916E-28E0-45DD-8B77-A2D463D9FEBC,00000000-0000-0000-0000-000000000000,38.47,38.47,426.36,-290.93,Dim Node 81,426.35,-290.93,0.0,426.36,-290.92,0.0,,,,,,,,,,
103,Dimension,456B916E-28E0-45DD-8B77-A2D463D9FEBC,,,38.47,,,Dim 22,426.21,-329.48,12.5,426.51,-290.85,12.5,,,,,,,,,,
104,DimNode 82,B224A394-6E07-4E7C-88A3-CC7370D687C6,00000000-0000-0000-0000-000000000000,0.00,0.00,444.69,-367.13,Dim Node 82,444.69,-367.13,0.0,444.7,-367.12,0.0,,,,,,,,,,
105,DimNode 83,B224A394-6E07-4E7C-88A3-CC7370D687C6,BDD21AB9-460F-46AC-8467-01C3523207A7,42.66,42.66,426.04,-328.76,Dim Node 83,426.03,-328.77,0.0,426.04,-328.76,0.0,,,,,,,,,,
106,Dimension,B224A394-6E07-4E7C-88A3-CC7370D687C6,,,42.66,,,Dim 23,425.89,-367.21,12.5,444.84,-328.68,12.5,,,,,,,,,,
107,DimNode 84,CBA90F26-6966-4A14-B30B-202B9A082F8B,00000000-0000-0000-0000-000000000000,0.00,0.00,430.91,-376.44,Dim Node 84,430.9,-376.44,0.0,430.91,-376.43,0.0,,,,,,,,,,
108,DimNode 85,CBA90F26-6966-4A14-B30B-202B9A082F8B,00000000-0000-0000-0000-000000000000,"15,00",15.01,444.4,-369.87,Dim Node 85,444.4,-369.88,0.0,444.41,-369.87,0.0,,,,,,,,,,
109,Dimension,CBA90F26-6966-4A14-B30B-202B9A082F8B,,,15.01,,,Dim 24,430.76,-376.52,12.5,444.55,-369.79,12.5,,,,,,,,,,
110,DimNode 86,9822B148-F2E7-4D4B-873C-E7FB7F9C56F4,00000000-0000-0000-0000-000000000000,0.00,0.00,430.91,-376.44,Dim Node 86,430.9,-376.44,0.0,430.91,-376.43,0.0,,,,,,,,,,
111,DimNode 87,9822B148-F2E7-4D4B-873C-E7FB7F9C56F4,00000000-0000-0000-0000-000000000000,15.01,15.01,444.4,-369.87,Dim Node 87,444.4,-369.88,0.0,444.41,-369.87,0.0,,,,,,,,,,
112,Dimension,9822B148-F2E7-4D4B-873C-E7FB7F9C56F4,,,15.01,,,Dim 25,430.76,-376.52,15.0,444.55,-369.79,15.0,,,,,,,,,,
113,Wall,A7BB6B7A-54D0-4A4C-A351-F7F9943149B6,,,36.99,,,Parede-003,423.33,-327.85,10.0,423.43,-290.86,19.03,0.10,9.03,0.0,,,,,,,
114,Wall,86124E26-AB7A-492F-9BA5-170DCC1110F3,,,41.07,,,Parede-002,423.97,-367.54,10.0,442.02,-330.56,18.5,0.10,8.50,0.0,,,,,,,
115,Wall,FF957713-4C01-4D0E-BE7E-1D44BD7FE1C0,,,40.44,,,Parede-004,409.87,-331.3,10.0,409.97,-290.86,18.86,0.10,8.86,0.0,,,,,,,
116,Wall,7D2C960C-C21E-4292-963F-89D0286709EA,,,44.43,,,Parede-005,410.47,-373.88,10.0,430.0,-333.88,18.5,0.10,8.50,0.0,,,,,,,
117,Wall,543CDB9F-FEF3-4AD0-AE95-930CAB151E35,,,2.78,,,Parede-002,423.33,-330.61,10.0,424.06,-327.85,18.5,0.10,8.50,0.0,,,,,,,
118,Wall,2E357CD3-4E50-4438-ABEA-C657CFC7261F,,,2.69,,,Parede-004,409.87,-333.92,10.0,410.56,-331.3,18.5,0.10,8.50,0.0,,,,,,,
119,Wall,70007FF9-7EFA-4C10-8145-422B3CCCA4A1,,,15.79,,,Parede-005,429.54,-374.41,10.0,443.91,-367.15,14.96,0.40,4.96,0.0,,,,,,,
120,Wall,B9C8A71A-DA15-41F2-B77F-4B4FC318A137,,,2.00,,,Parede-007,436.86,-365.51,10.0,438.7,-364.54,15.0,0.10,5.00,0.0,,,,,,,
121,Wall,EEDA78D5-18BA-4679-A112-6A428D01F236,,,4.56,,,Parede-006,436.72,-369.59,10.0,438.85,-365.42,15.0,0.15,5.00,0.0,,,,,,,
122,Wall,B42BC5D0-7B35-40F6-8888-90BEC388D723,,,2.78,,,Parede-006,433.3,-371.63,10.0,434.61,-369.09,14.98,0.10,4.98,0.0,,,,,,,
123,Wall,A2C34AE3-A4D9-4FEA-8BF3-4324861E9BB3,,,2.00,,,Parede-006,437.83,-367.52,10.0,439.68,-366.55,15.0,0.10,5.00,0.0,,,,,,,
124,Wall,0289D9C4-E84F-41EB-BDA1-8AF44B8885B7,,,4.56,,,Parede-006,438.66,-368.65,10.0,440.74,-364.5,15.0,0.10,5.00,0.0,24D42A10-EDC0-4C25-8209-BFA7E631950B,,,,,,
125,Wall,88FBE59F-5D43-4E73-B12C-401D43CF8291,,,8.30,,,Parede-007,429.3,-369.18,10.0,436.81,-365.46,15.0,0.10,5.00,0.0,,,,,,,
126,Wall,FB6D2A9C-1E21-4464-B0C3-3A5439A9D89B,,,4.56,,,Parede-006,440.86,-367.58,10.0,442.95,-363.43,12.5,0.10,2.50,0.0,,,,,,,
127,Wall,13CE0EAE-981D-4EE1-945F-CAD3210570E5,,,7.10,,,Parede-007,430.16,-370.75,10.0,436.59,-367.55,15.0,0.10,5.00,0.0,,,,,,,
128,Wall,E40341DC-F924-48CB-A8BD-8709FE6CA286,,,1.24,,,Parede-006,440.13,-367.67,10.0,441.29,-367.04,15.0,0.10,5.00,0.0,,,,,,,
129,Wall,BE54501B-9124-43EF-A5AB-2F8C37C95D76,,,3.38,,,Parede-006,439.77,-367.04,10.0,441.34,-363.96,12.5,0.10,2.50,0.0,4778A7A1-077B-456F-A7AD-020EC7AE6DDB,,,,,,
130,Wall,C2901FF6-6B52-4AD9-85CB-4DC2D9898AFF,,,1.31,,,Parede-006,439.77,-364.09,10.0,440.99,-363.43,12.66,0.10,2.66,0.0,,,,,,,
131,Wall,97D24643-11DE-48DB-BC62-9538DDD6589B,,,4.56,,,Parede-006,428.22,-373.72,10.0,430.31,-369.57,15.0,0.10,5.00,0.0,,,,,,,
132,Wall,A15B1D10-3ED7-42D9-8F3C-C356713B8E68,,,6.94,,,Parede-158,411.04,-305.34,12.5,417.98,-305.24,17.5,0.10,5.00,0.0,63F8FA33-4EC9-483A-9F13-0BAE8A0E8E20,,,,,,
133,Wall,FD3933B7-9FF9-497C-ACD7-3D4205343D5B,,,6.92,,,Parede-161,411.09,-294.84,12.7,418.0,-292.96,18.13,0.10,5.43,0.0,,,,,,,
134,Wall,C44009AE-803B-E523-28C9-EABF667ADCD8,,,11.26,,,Parede-007,392.15,-268.37,4.93,403.4,-266.93,15.93,0.40,11.00,0.0,,,,,,,
135,Wall,F94862AD-C889-03CE-D34C-830A2D447058,,,60.25,,,Parede-007,388.18,-325.73,12.93,403.4,-267.23,15.93,0.40,3.00,0.0,,,,,,,
136,Wall,377A7DD1-829A-3549-0FB7-01624AC40232,,,65.68,,,Parede-007,375.63,-332.03,12.93,392.18,-268.27,14.08,0.40,1.15,0.0,,,,,,,
137,Wall,FC52CA94-C120-CF07-23EF-777995AF7735,,,14.04,,,Parede-007,375.84,-332.03,4.93,388.57,-325.37,15.93,0.40,11.00,0.0,,,,,,,
138,Wall,C617187A-8755-5E78-BA8C-BB6C8DE1E42A,,,12.33,,,Parede-007,366.69,-371.73,-0.07,379.38,-365.48,15.93,3.00,16.00,0.0,,,,,,,
139,Wall,29AAB3E7-BB86-7AD5-1EA6-7394518637EE,,,4.99,,,Parede-016,379.5,-370.77,3.19,384.09,-368.42,16.83,0.20,13.64,0.0,,,,,,,
140,Wall,0483C336-6C06-C68E-749E-7A585D3F1B7A,,,2.50,,,Parede-015,384.0,-368.6,2.23,386.34,-367.34,16.21,0.20,13.99,0.0,,,,,,,
141,Wall,FD32809A-3EA8-9523-51E5-3554CF04FF31,,,2.53,,,Parede-014,386.25,-367.52,4.55,388.63,-366.25,21.42,0.20,16.88,0.0,,,,,,,
142,Wall,9A629C62-3429-D90B-A73F-D3773196676C,,,16.84,,,Parede-010,381.45,-367.05,3.19,396.73,-359.59,17.03,0.20,13.84,0.0,,,,,,,
143,Wall,15CBF04B-2DA9-31A4-47AB-AD2D4C8880D0,,,2.54,,,Parede-010,383.45,-365.39,0.7,384.72,-363.01,18.54,0.20,17.84,0.0,,,,,,,
144,Wall,C3616E64-DAC7-7941-0A72-17AA587494CE,,,5.63,,,Parede-010,378.5,-365.53,-0.07,383.71,-363.01,18.54,0.20,18.62,0.0,,,,,,,
145,Wall,8D9A465A-D499-24A3-415F-95478A91EC82,,,7.56,,,Parede-008,388.74,-360.78,3.19,395.65,-357.34,14.55,0.20,11.36,0.0,,,,,,,
146,Wall,00594594-2F3A-409F-3EF0-3749DBA6EF9A,,,2.50,,,Parede-009,395.56,-357.52,4.55,397.9,-356.26,15.65,0.20,11.10,0.0,,,,,,,
147,Wall,352894DF-E756-8A2A-9587-BD3A8EA26B51,,,5.20,,,Parede-010,397.63,-361.04,4.55,400.06,-356.26,15.65,0.20,11.10,0.0,,,,,,,
148,Wall,56D52D62-BD2C-14EC-555E-4C09AD88C5A9,,,2.50,,,Parede-011,397.72,-362.03,4.56,400.06,-360.77,15.65,0.20,11.09,0.0,,,,,,,
149,Wall,148CCA15-4FCC-9941-A05F-F09F27632FD3,,,7.68,,,Parede-012,390.79,-365.35,4.55,397.8,-361.85,19.55,0.20,15.00,0.0,,,,,,,
150,Wall,BDAED724-8A57-FC7E-DE35-CBDAF1E8777E,,,2.50,,,Parede-013,388.54,-366.43,0.7,390.88,-365.17,14.69,0.20,13.99,0.0,,,,,,,
151,Wall,C3DA89D5-1883-9727-7C84-9F93EE395C9A,,,1.58,,,Parede-008,385.49,-361.84,0.7,386.35,-360.32,14.55,0.20,13.84,0.0,,,,,,,
152,Wall,038A0339-CC8A-157F-311E-24F6E455F160,,,2.65,,,Parede-008,386.35,-361.93,3.19,388.83,-360.6,14.55,0.20,11.36,0.0,,,,,,,
153,Wall,3265AA3B-B7D1-4DA8-3B08-A67539452CBB,,,0.20,,,Parede-009,387.07,-361.58,0.7,387.34,-361.32,14.55,0.20,13.84,0.0,,,,,,,
154,Wall,4DA7E70F-2F53-5A4B-4585-BC30D2EFEE5E,,,4.42,,,Parede-010,380.65,-367.21,-0.07,384.72,-365.12,18.54,0.20,18.62,0.0,,,,,,,
155,Wall,45A6492D-CC63-DBBF-5B3C-0E0E65FADE6D,,,0.05,,,Parede-010,380.89,-365.76,17.47,381.33,-364.15,18.07,1.65,0.60,0.0,,,,,,,
156,Wall,DD5491FC-60B8-3714-750E-3F09A8188177,,,0.05,,,Parede-010,372.18,-335.72,17.43,372.63,-334.11,18.03,1.65,0.60,0.0,,,,,,,
157,Wall,C464A9A7-8918-F11F-EF2C-6A196F2E9EB6,,,0.05,,,Parede-010,371.79,-337.33,17.43,372.23,-335.71,18.03,1.65,0.60,0.0,,,,,,,
158,Wall,2FE5EFFA-3258-994D-6711-F3D4460C3FD5,,,0.05,,,Parede-010,371.39,-338.93,17.43,371.83,-337.31,18.03,1.65,0.60,0.0,,,,,,,
159,Wall,633D7C53-215D-2258-6E8F-1670C74EAABA,,,0.05,,,Parede-010,370.99,-340.53,17.43,371.44,-338.91,18.03,1.65,0.60,0.0,,,,,,,
160,Wall,64B57B83-75A6-12ED-4E64-F33BEEC0189D,,,0.05,,,Parede-010,370.59,-342.13,17.43,371.04,-340.52,18.03,1.65,0.60,0.0,,,,,,,
161,Wall,B49C3CF2-6600-A6A1-F17B-F33F0D7BD305,,,0.05,,,Parede-010,370.19,-343.73,17.43,370.64,-342.12,18.03,1.65,0.60,0.0,,,,,,,
162,Wall,5035057A-74A4-CFBF-963D-380C54F32063,,,0.05,,,Parede-010,369.79,-345.33,17.43,370.24,-343.72,18.03,1.65,0.60,0.0,,,,,,,
163,Wall,AFD1E054-312C-A596-F814-EE4EAB8F22DF,,,0.05,,,Parede-010,369.39,-346.93,17.43,369.84,-345.32,18.03,1.65,0.60,0.0,,,,,,,
164,Wall,A6A3802F-0E19-450B-2114-63D381A7CCA8,,,0.05,,,Parede-010,369.0,-348.53,17.43,369.44,-346.92,18.03,1.65,0.60,0.0,,,,,,,
165,Wall,3CA583F9-C46D-5449-D37E-FDA3780D25BD,,,0.05,,,Parede-010,368.6,-350.13,17.43,369.04,-348.52,18.03,1.65,0.60,0.0,,,,,,,
166,Wall,2EF6302E-A5A7-998A-F6AD-CDCF68DEEC28,,,0.05,,,Parede-010,368.2,-351.74,17.43,368.65,-350.12,18.03,1.65,0.60,0.0,,,,,,,
167,Wall,82512158-DC6E-AE10-873C-4AC35240D73D,,,0.05,,,Parede-010,367.8,-353.34,17.43,368.25,-351.72,18.03,1.65,0.60,0.0,,,,,,,
168,Wall,BD4CB324-139C-69FB-70E7-B626D82CEE4E,,,0.05,,,Parede-010,367.4,-354.94,17.43,367.85,-353.32,18.03,1.65,0.60,0.0,,,,,,,
169,Wall,A7EE605E-43F9-104A-5114-B71527D54D9C,,,0.05,,,Parede-010,367.0,-356.54,17.43,367.45,-354.93,18.03,1.65,0.60,0.0,,,,,,,
170,Wall,837BAC70-573F-8DC6-BFB3-31AE23168183,,,0.05,,,Parede-010,366.6,-358.14,17.43,367.05,-356.53,18.03,1.65,0.60,0.0,,,,,,,
171,Wall,98DECAAD-AEC2-85DE-9AF6-E93068F69306,,,0.05,,,Parede-010,366.21,-359.74,17.43,366.65,-358.13,18.03,1.65,0.60,0.0,,,,,,,
172,Wall,1416EE45-763E-FDAD-EF90-166013389253,,,0.05,,,Parede-010,365.81,-361.34,17.43,366.25,-359.73,18.03,1.65,0.60,0.0,,,,,,,
173,Wall,F42E51DB-576F-0FF1-8ACF-887F8DFFA31E,,,0.05,,,Parede-010,365.41,-362.94,17.43,365.86,-361.33,18.03,1.65,0.60,0.0,,,,,,,
174,Wall,2EFD2605-DEAE-DDAC-B781-213644B5A622,,,0.05,,,Parede-010,365.01,-364.54,17.43,365.46,-362.93,18.03,1.65,0.60,0.0,,,,,,,
175,Wall,7AD5D012-C881-9F43-B5FB-5E88A158519C,,,0.05,,,Parede-010,364.61,-366.15,17.43,365.06,-364.53,18.03,1.65,0.60,0.0,,,,,,,
176,Wall,E1CDE58C-24F1-1C7B-AE59-C98FB5E61ACA,,,0.05,,,Parede-010,364.21,-367.75,17.43,364.66,-366.13,18.03,1.65,0.60,0.0,,,,,,,
177,Wall,A1694F95-1656-D454-3C20-4AE571B3C1DA,,,0.05,,,Parede-010,363.81,-369.35,17.43,364.26,-367.73,18.03,1.65,0.60,0.0,,,,,,,
178,Wall,68440701-CCA1-ABDF-C820-288588B4B8BC,,,0.05,,,Parede-010,363.42,-370.95,17.43,363.86,-369.34,18.03,1.65,0.60,0.0,,,,,,,
179,Wall,3F56BA6B-446E-ABE6-4B61-F12A47608382,,,0.05,,,Parede-010,363.02,-372.55,17.43,363.46,-370.94,18.03,1.65,0.60,0.0,,,,,,,
180,Wall,D6B3251B-79FB-4982-78E8-EDA8665D78DD,,,0.05,,,Parede-010,405.38,-267.39,17.43,405.82,-265.77,18.03,1.65,0.60,0.0,,,,,,,
181,Wall,0BC8BA93-CA93-50A2-5C22-9D4CA346C219,,,0.05,,,Parede-010,405.78,-265.78,17.43,406.22,-264.17,18.03,1.65,0.60,0.0,,,,,,,
182,Wall,4A09628C-ABF0-AD81-CF69-DBC9F1817760,,,0.05,,,Parede-010,406.17,-264.18,17.43,406.62,-262.57,18.03,1.65,0.60,0.0,,,,,,,
183,Wall,75CEF542-40F0-F95B-2D65-98E0E430423D,,,0.05,,,Parede-010,406.57,-262.58,17.43,407.02,-260.97,18.03,1.65,0.60,0.0,,,,,,,
184,Wall,D13C5F39-5910-8AEE-5924-5813B01C866A,,,0.05,,,Parede-010,406.97,-260.98,17.43,407.42,-259.37,18.03,1.65,0.60,0.0,,,,,,,
185,Wall,49F1AE1C-7F01-EBBD-7030-E2988A279A20,,,0.05,,,Parede-010,407.37,-259.38,17.43,407.82,-257.77,18.03,1.65,0.60,0.0,,,,,,,
186,Wall,436356BB-973F-15FB-0DCB-100C67590589,,,0.05,,,Parede-010,407.77,-257.78,17.43,408.22,-256.17,18.03,1.65,0.60,0.0,,,,,,,
187,Wall,4F3257C5-6BE5-9799-A9A3-5318D7F27DF7,,,0.05,,,Parede-010,408.17,-256.18,17.43,408.61,-254.56,18.03,1.65,0.60,0.0,,,,,,,
188,Wall,FC8446E6-646A-A311-0F45-71BBE2A862DC,,,0.05,,,Parede-010,408.57,-254.58,17.43,409.01,-252.96,18.03,1.65,0.60,0.0,,,,,,,
189,Wall,D4161846-70AD-9858-57C1-879E870E594D,,,0.05,,,Parede-010,408.97,-252.98,17.43,409.41,-251.36,18.03,1.65,0.60,0.0,,,,,,,
190,Wall,023AD6CE-0685-294A-E203-848DA4D49BE6,,,0.05,,,Parede-010,409.36,-251.37,17.43,409.81,-249.76,18.03,1.65,0.60,0.0,,,,,,,
191,Wall,38BD4EE6-B8D3-EF7D-C6BC-BB23C5FD5166,,,17.91,,,Parede-010,357.01,-339.24,0.84,373.22,-331.28,17.15,0.20,16.30,0.0,,,,,,,
192,Wall,908596DE-2A95-AA8D-98D9-CEE8520C5044,,,7.56,,,Parede-008,358.09,-341.49,4.55,364.99,-338.03,19.55,0.20,15.00,0.0,,,,,,,
193,Wall,8B205B6A-C3A2-DAC2-7EE9-BD4D0E38CD22,,,2.50,,,Parede-009,355.84,-342.58,4.55,358.18,-341.31,15.65,0.20,11.10,0.0,,,,,,,
194,Wall,EE11C1A1-6DAF-D47E-EC5C-DF10892EACF9,,,5.20,,,Parede-010,353.67,-342.58,4.55,356.11,-337.81,15.65,0.20,11.10,0.0,,,,,,,
195,Wall,A5F2021A-2F19-EC18-A884-B2ED5E098C29,,,2.50,,,Parede-011,353.67,-338.08,4.56,356.01,-336.81,15.65,0.20,11.09,0.0,,,,,,,
196,Wall,8D3F113A-24FC-E024-A2EA-98135A9E1FA1,,,7.68,,,Parede-012,355.92,-336.99,4.55,362.92,-333.47,19.55,0.20,15.00,0.0,,,,,,,
197,Wall,7353B19E-55F6-B2D9-49F6-372CDE7CF368,,,2.50,,,Parede-013,362.84,-333.65,2.34,365.18,-332.38,14.69,0.20,12.35,0.0,,,,,,,
198,Wall,568F0FF1-DD97-4F3E-42C6-F618B4F570B9,,,2.53,,,Parede-014,365.09,-332.56,4.55,367.46,-331.28,21.42,0.20,16.88,0.0,,,,,,,
199,Wall,0287EBB1-7181-1B63-40DB-360DD5211A29,,,2.50,,,Parede-015,367.37,-331.46,2.34,369.71,-330.2,16.21,0.20,13.87,0.0,,,,,,,
200,Wall,09C7EC4B-A3E6-5BBC-5F65-0EC0B377033D,,,4.73,,,Parede-016,369.62,-330.38,2.34,373.96,-328.13,16.97,0.20,14.63,0.0,,,,,,,
201,Wall,9857DD1C-F48F-962B-FBAF-D056F0304C0F,,,1.58,,,Parede-008,367.38,-338.48,4.55,368.25,-336.97,19.55,0.20,15.00,0.0,,,,,,,
202,Wall,AF26109C-475C-A899-A9A7-67141FDCDC34,,,2.65,,,Parede-008,364.9,-338.21,4.55,367.38,-336.88,19.55,0.20,15.00,0.0,,,,,,,
203,Wall,AAA9C607-C516-A926-E632-3CC76C05665C,,,0.20,,,Parede-009,366.39,-337.49,4.55,366.66,-337.22,19.55,0.20,15.00,0.0,,,,,,,
204,Wall,4D68E75E-7FC8-FEB3-CD99-0E6017740749,,,2.70,,,Parede-010,368.85,-335.75,2.24,370.26,-333.26,18.54,0.20,16.30,0.0,,,,,,,
205,Wall,1D8A4F57-D483-B2C0-469B-4610EFD9C595,,,5.89,,,Parede-010,369.99,-335.75,-0.07,375.39,-333.01,18.54,0.20,18.62,0.0,,,,,,,
206,Wall,A9DCBBC3-38E9-F95A-23F3-8A3168364FD8,,,4.75,,,Parede-010,368.94,-333.71,-0.07,373.31,-331.46,18.54,0.20,18.62,0.0,,,,,,,
207,Wall,6F9B213B-B624-ED27-A7D8-AB58AF4FBFB2,,,0.05,,,Parede-010,381.28,-364.16,17.47,381.73,-362.54,18.07,1.65,0.60,0.0,,,,,,,
208,Wall,20031F27-0EF1-B77A-FD4F-D02C77D518B2,,,0.05,,,Parede-010,381.68,-362.56,17.47,382.13,-360.94,18.07,1.65,0.60,0.0,,,,,,,
209,Wall,F371C039-A1AC-FC1C-5544-B86D0CF0143E,,,0.05,,,Parede-010,382.08,-360.96,17.47,382.53,-359.34,18.07,1.65,0.60,0.0,,,,,,,
210,Wall,22E545D0-FA36-19A7-302F-0D8B0386E0B5,,,0.05,,,Parede-010,382.48,-359.35,17.47,382.93,-357.74,18.07,1.65,0.60,0.0,,,,,,,
211,Wall,EEC401C1-5A38-B9DB-842F-D66851F4DA06,,,0.05,,,Parede-010,382.88,-357.75,17.47,383.32,-356.14,18.07,1.65,0.60,0.0,,,,,,,
212,Wall,9572C354-43F9-E433-BBE0-EB49A201E64C,,,0.05,,,Parede-010,383.28,-356.15,17.47,383.72,-354.54,18.07,1.65,0.60,0.0,,,,,,,
213,Wall,E2149844-3F87-5D28-4CD6-9E81C1BF9317,,,0.05,,,Parede-010,383.67,-354.55,17.47,384.12,-352.94,18.07,1.65,0.60,0.0,,,,,,,
214,Wall,39530656-BF96-50F3-7755-2500367BA5D2,,,0.05,,,Parede-010,384.07,-352.95,17.47,384.52,-351.34,18.07,1.65,0.60,0.0,,,,,,,
215,Wall,D62916D6-8CEC-D869-5992-606E5C4CC229,,,0.05,,,Parede-010,384.47,-351.35,17.47,384.92,-349.74,18.07,1.65,0.60,0.0,,,,,,,
216,Wall,D1BDD6CB-781B-33E6-A46B-58BF26D3A572,,,0.05,,,Parede-010,384.87,-349.75,17.47,385.32,-348.13,18.07,1.65,0.60,0.0,,,,,,,
217,Wall,9CF03538-5FF2-59B5-0A06-48CAF5414735,,,0.05,,,Parede-010,385.27,-348.15,17.47,385.72,-346.53,18.07,1.65,0.60,0.0,,,,,,,
218,Wall,E518754E-A650-A6A7-C768-012C764D8E92,,,0.05,,,Parede-010,385.67,-346.55,17.47,386.12,-344.93,18.07,1.65,0.60,0.0,,,,,,,
219,Wall,37F16BA8-1279-E959-436A-ED5875977F66,,,0.05,,,Parede-010,386.07,-344.94,17.47,386.51,-343.33,18.07,1.65,0.60,0.0,,,,,,,
220,Wall,8FE6563D-75B7-7802-624B-922948AC5484,,,0.05,,,Parede-010,386.47,-343.34,17.47,386.91,-341.73,18.07,1.65,0.60,0.0,,,,,,,
221,Wall,53598C19-1CE1-4E30-E75A-8C464E60EF6C,,,0.05,,,Parede-010,386.86,-341.74,17.47,387.31,-340.13,18.07,1.65,0.60,0.0,,,,,,,
222,Wall,2019514D-85DA-50D6-E207-24CB5387B049,,,0.05,,,Parede-010,387.26,-340.14,17.47,387.71,-338.53,18.07,1.65,0.60,0.0,,,,,,,
223,Wall,82D2FAE6-8045-0083-3022-2B40860B8A06,,,0.05,,,Parede-010,387.66,-338.54,17.47,388.11,-336.93,18.07,1.65,0.60,0.0,,,,,,,
224,Wall,9452BA6D-EA46-5BE6-7E14-D224F9A825AD,,,0.05,,,Parede-010,388.06,-336.94,17.47,388.51,-335.33,18.07,1.65,0.60,0.0,,,,,,,
225,Wall,E7DA7740-C728-113A-5903-31577017D4D9,,,0.05,,,Parede-010,388.46,-335.34,17.47,388.91,-333.72,18.07,1.65,0.60,0.0,,,,,,,
226,Wall,537B9DD3-E81C-BDC7-92B2-FA3DF60104A2,,,0.05,,,Parede-010,388.86,-333.74,17.47,389.31,-332.12,18.07,1.65,0.60,0.0,,,,,,,
227,Wall,67678CBE-96D4-D725-A037-59F616311C8E,,,0.05,,,Parede-010,389.26,-332.14,17.47,389.7,-330.52,18.07,1.65,0.60,0.0,,,,,,,
228,Wall,17ED8560-06F7-EF6A-CA7B-3141A181CA64,,,0.05,,,Parede-010,389.66,-330.53,17.47,390.1,-328.92,18.07,1.65,0.60,0.0,,,,,,,
229,Wall,A7068509-F89D-78D1-B598-6B5D6605C0EE,,,0.05,,,Parede-010,390.05,-328.93,17.47,390.5,-327.32,18.07,1.65,0.60,0.0,,,,,,,
230,Wall,0E9D3DB8-4241-814E-2084-1924E13CB09E,,,0.05,,,Parede-010,390.45,-327.33,17.47,390.9,-325.72,18.07,1.65,0.60,0.0,,,,,,,
231,Wall,744BD185-5B3E-1775-30C5-56715D017243,,,3.31,,,Parede-010,393.71,-322.91,0.04,394.77,-319.67,18.65,0.20,18.62,0.0,,,,,,,
232,Wall,0397C398-1A58-1B40-BF06-E67B7D6630FF,,,5.70,,,Parede-010,388.72,-325.47,0.04,393.9,-322.73,18.65,0.20,18.62,0.0,,,,,,,
233,Wall,95E83357-0B63-FC41-1FC9-CCEA82D7EDD8,,,14.93,,,Parede-010,375.39,-333.37,4.93,388.71,-326.27,13.82,0.20,8.89,0.0,,,,,,,
234,Wall,71B739FB-8EA2-CB90-152D-289A6BDAA77D,,,0.83,,,Parede-010,388.61,-326.32,4.93,389.01,-325.47,13.82,0.20,8.89,0.0,,,,,,,
235,Wall,6200ED82-1530-A0B4-238D-1B193C873E0A,,,0.39,,,Parede-010,375.3,-333.37,4.93,375.65,-332.92,13.82,0.20,8.89,0.0,,,,,,,
236,Wall,C3460374-5B9D-9A56-D8FB-BA2AA80F37C9,,,2.76,,,Parede-010,392.22,-320.96,0.04,394.77,-319.54,18.65,0.20,18.62,0.0,,,,,,,
237,Wall,7F369415-3767-E006-40E2-4DC73D4DEC84,,,0.05,,,Parede-010,389.5,-266.17,17.43,389.95,-264.56,18.03,1.65,0.60,0.0,,,,,,,
238,Wall,EE244C97-95D5-A202-2C70-DDE4C5232A62,,,0.05,,,Parede-010,389.9,-264.57,17.43,390.35,-262.96,18.03,1.65,0.60,0.0,,,,,,,
239,Wall,440F325F-369E-D2DD-501C-3C40000F653F,,,0.05,,,Parede-010,390.3,-262.97,17.43,390.75,-261.36,18.03,1.65,0.60,0.0,,,,,,,
240,Wall,B8C477DC-D335-D9FD-1026-5D9DE84009C7,,,0.05,,,Parede-010,390.7,-261.37,17.43,391.14,-259.75,18.03,1.65,0.60,0.0,,,,,,,
241,Wall,DCBE8F91-029A-A10A-10D2-FFD673D75BA5,,,0.05,,,Parede-010,391.1,-259.77,17.43,391.54,-258.15,18.03,1.65,0.60,0.0,,,,,,,
242,Wall,63DB45B9-87CC-2BF7-9A53-965E77C1E8F0,,,0.05,,,Parede-010,391.49,-258.16,17.43,391.94,-256.55,18.03,1.65,0.60,0.0,,,,,,,
243,Wall,E3525A75-069B-3E63-B9EB-1F7EA246B06E,,,0.05,,,Parede-010,391.89,-256.56,17.43,392.34,-254.95,18.03,1.65,0.60,0.0,,,,,,,
244,Wall,E1D5F78F-C0AD-701E-63BE-E1E0C30AC6DD,,,0.05,,,Parede-010,392.29,-254.96,17.43,392.74,-253.35,18.03,1.65,0.60,0.0,,,,,,,
245,Wall,BA3B0675-F5A5-6BD6-475F-AFC8555AF7E4,,,0.05,,,Parede-010,392.69,-253.36,17.43,393.14,-251.75,18.03,1.65,0.60,0.0,,,,,,,
246,Wall,926718D4-BEB4-4780-123A-AE5118A87C14,,,0.05,,,Parede-010,393.09,-251.76,17.43,393.54,-250.15,18.03,1.65,0.60,0.0,,,,,,,
247,Wall,0121695D-CA6E-B85A-E5FF-D25E91929046,,,0.05,,,Parede-010,393.49,-250.16,17.43,393.93,-248.55,18.03,1.65,0.60,0.0,,,,,,,
248,Wall,CFE5FA19-D2B5-3A07-CC23-E3DA27006B91,,,5.72,,,Parede-012,378.34,-365.38,4.93,383.63,-362.83,13.93,0.20,9.00,0.0,,,,,,,
249,Wall,D9BB44D9-CDDD-08E9-735C-E1BDC55B07B0,,,12.65,,,Parede-013,366.26,-369.02,4.93,378.43,-365.19,13.93,0.20,9.00,0.0,,,,,,,
250,Wall,B5763905-A8D1-9932-61DA-CBF9FA9500D0,,,0.41,,,Parede-014,366.02,-369.42,4.93,366.31,-368.97,13.93,0.20,9.00,0.0,,,,,,,
251,Wall,FD26D71A-B41C-B04F-BA48-50AD8A45C56D,,,3.08,,,Parede-015,363.18,-370.15,4.93,366.21,-369.22,13.93,0.20,9.00,0.0,,,,,,,
252,Wall,B3EA6198-1E26-081E-1DB7-069B8DF07593,,,4.94,,,Parede-016,361.97,-374.98,4.93,363.22,-370.11,13.93,0.20,9.00,0.0,,,,,,,
253,Wall,F986EC72-A348-F2B6-8BE3-A3655088A202,,,21.69,,,Parede-013,429.4,-283.98,2.86,434.75,-262.87,13.01,0.20,10.14,0.0,,,,,,,
254,Wall,248CCF87-8378-6A54-1369-AC9C11A28F1A,,,21.66,,,Parede-013,437.31,-282.02,2.86,442.65,-260.93,13.01,0.20,10.14,0.0,,,,,,,
255,Wall,58000B38-A113-7D07-15E0-3A3CD926B641,,,3.35,,,Parede-011,450.85,-283.22,2.93,451.87,-279.93,22.21,0.20,19.29,0.0,,,,,,,
256,Wall,C7032B74-A3CB-22CE-64B1-562F759A30B7,,,3.24,,,Parede-010,447.62,-280.76,2.93,450.81,-279.79,15.69,0.20,12.76,0.0,,,,,,,
257,Wall,EE1F1225-AD9D-8138-E693-5EA0F80CEBF8,,,19.91,,,Parede-010,442.8,-280.79,3.73,447.76,-261.4,20.89,0.20,17.16,0.0,,,,,,,
258,Wall,DE6821D2-E698-A9E6-5682-62E159667CC4,,,2.89,,,Parede-011,451.63,-283.22,2.93,454.48,-282.34,22.21,0.20,19.29,0.0,,,,,,,
259,Wall,6BC2B9D3-B6D6-5205-3F0E-954222464967,,,15.72,,,Parede-008,439.93,-276.84,2.98,443.86,-261.53,10.64,0.20,7.66,0.0,,,,,,,
260,Wall,8B15FE38-AF27-2926-36FE-9CD21AD258D5,,,2.48,,,Parede-009,439.34,-261.58,4.73,440.12,-259.12,15.83,0.20,11.10,0.0,,,,,,,
261,Wall,4D22D6B9-BD93-7148-C6A6-45368D0E7F6E,,,6.15,,,Parede-010,439.34,-259.36,6.73,445.36,-257.7,15.83,0.20,9.10,0.0,,,,,,,
262,Wall,C7A6ADF7-453B-0DB8-27CD-6241FADB00FF,,,3.04,,,Parede-011,445.12,-260.7,4.74,446.04,-257.7,15.65,0.20,10.91,0.0,,,,,,,
263,Wall,E68888F7-1753-B4CD-0E13-3EF7BB880CE2,,,7.13,,,Parede-012,445.84,-267.63,4.73,447.74,-260.65,19.73,0.20,15.00,0.0,,,,,,,
264,Wall,7A7F7531-1770-A856-C7DF-8C22CD8A728D,,,2.50,,,Parede-013,447.55,-270.06,4.73,448.34,-267.58,19.87,0.20,15.14,0.0,,,,,,,
265,Wall,491F1545-5CA2-F40E-7BEA-678621C89A5F,,,2.53,,,Parede-014,448.15,-272.52,2.93,448.95,-270.01,15.89,0.20,12.96,0.0,,,,,,,
266,Wall,62E420E6-9FF3-8992-B83D-F6FBA0359273,,,7.75,,,Parede-016,448.76,-280.04,2.93,450.81,-272.47,15.89,0.20,12.96,0.0,,,,,,,
267,Wall,9EF7CCA1-99EB-D0FC-5B4E-AB916B5303CD,,,1.36,,,Parede-008,444.74,-282.78,2.93,445.16,-281.44,3.68,0.10,0.75,0.0,,,,,,,
268,Wall,F2E1AB59-B35C-78F1-4E2C-9CF5EF49555A,,,4.13,,,Parede-014,461.98,-320.65,2.93,463.03,-316.57,9.9,0.20,6.97,0.0,,,,,,,
269,Wall,D61A61FD-C461-04BF-0E79-6611B81E37E8,,,8.05,,,Parede-008,441.74,-276.82,1.91,443.76,-268.98,6.96,0.10,5.05,0.0,,,,,,,
270,Wall,3D638F95-7DFE-7DF5-B792-BD674F852B10,,,6.10,,,Parede-008,443.66,-282.77,2.93,445.31,-276.8,10.59,0.20,7.66,0.0,,,,,,,
271,Wall,264509B7-A3DB-B2C2-496F-B62DFC230545,,,19.91,,,Parede-010,479.99,-258.05,3.68,484.43,-238.56,20.84,0.20,17.16,0.0,,,,,,,
272,Wall,F8FF8675-3A68-8417-923F-43015B3B3CD6,,,21.82,,,Parede-008,482.63,-258.76,4.68,487.49,-237.4,15.59,0.20,10.91,0.0,,,,,,,
273,Wall,D16048C2-4E93-4C73-087B-4B44EC4E065C,,,2.48,,,Parede-009,482.1,-237.44,4.68,482.83,-234.98,15.78,0.20,11.10,0.0,,,,,,,
274,Wall,F0D6484E-44B5-0BF7-5FDC-B90F940FBE29,,,6.15,,,Parede-010,476.29,-236.48,6.68,482.34,-234.98,15.78,0.20,9.10,0.0,,,,,,,
275,Wall,4D03535B-15B2-CA60-1A5F-BB906F335707,,,3.04,,,Parede-011,476.29,-239.26,4.69,477.13,-236.25,15.6,0.20,10.91,0.0,,,,,,,
276,Wall,AE332808-3B70-6A2E-8157-FED3C5585692,,,7.13,,,Parede-012,476.94,-246.24,4.68,478.65,-239.22,19.68,0.20,15.00,0.0,,,,,,,
277,Wall,76BA58C4-0681-6B1B-F7C6-AB1012D634A1,,,2.50,,,Parede-013,478.46,-248.68,4.68,479.19,-246.19,19.82,0.20,15.14,0.0,,,,,,,
278,Wall,C3EDEA5E-E976-D079-30FF-B1A918467801,,,2.53,,,Parede-014,478.98,-251.15,2.93,479.73,-248.64,15.84,0.20,12.91,0.0,,,,,,,
279,Wall,3C3E2F75-C3C1-2A26-B096-0B6B96073BE5,,,7.75,,,Parede-016,479.53,-258.72,4.68,481.37,-251.11,15.84,0.20,11.16,0.0,,,,,,,
280,Wall,C5FAE411-60C3-CEF2-F814-588A827F92EB,,,3.32,,,Parede-010,481.05,-258.74,3.68,484.34,-257.84,15.84,0.20,12.16,0.0,,,,,,,
281,Wall,D3607469-B73A-70E0-F1EA-E4E6DE829687,,,3.35,,,Parede-011,480.9,-262.05,2.88,481.82,-258.74,22.16,0.20,19.29,0.0,,,,,,,
282,Wall,F8E679E1-F9E2-5104-4893-EE20BB0FCE8F,,,3.34,,,Parede-011,478.52,-262.73,2.93,481.82,-261.81,22.16,0.20,19.24,0.0,,,,,,,
283,Wall,8D9D4B5A-7453-03A5-2DA9-8C15E0622CB1,,,19.91,,,Parede-010,456.95,-344.83,1.99,461.39,-325.33,19.15,0.20,17.16,0.0,,,,,,,
284,Wall,7E530105-AD20-ABD4-A536-FB01FFC78EA8,,,21.82,,,Parede-008,453.87,-345.98,2.99,458.76,-324.63,13.9,0.20,10.91,0.0,,,,,,,
285,Wall,FE8AF910-FAD2-2542-8F47-FDFAFA3A9288,,,2.48,,,Parede-009,458.56,-348.41,2.99,459.29,-345.94,14.09,0.20,11.10,0.0,,,,,,,
286,Wall,2016070D-4555-F92A-4082-9110DEE49C2C,,,6.15,,,Parede-010,459.05,-348.41,4.99,465.1,-346.9,14.09,0.20,9.10,0.0,,,,,,,
287,Wall,7C9A2601-E899-8092-282F-F1D944BE78E2,,,3.04,,,Parede-011,464.25,-347.14,3.0,465.1,-344.12,13.91,0.20,10.91,0.0,,,,,,,
288,Wall,5E24B419-9B3D-378F-594F-17F7836FBF8E,,,7.13,,,Parede-012,462.73,-344.16,2.99,464.45,-337.15,17.99,0.20,15.00,0.0,,,,,,,
289,Wall,6B48F328-C93A-833E-4741-DA800F2F910F,,,2.50,,,Parede-013,462.2,-337.19,2.99,462.93,-334.71,18.13,0.20,15.14,0.0,,,,,,,
290,Wall,EC66A699-FB6B-EF84-C473-491B7E4804C7,,,2.53,,,Parede-014,461.66,-334.75,3.06,462.4,-332.23,14.15,0.20,11.09,0.0,,,,,,,
291,Wall,1285C90D-78A2-9D9D-9F25-C06B1DC9BEAA,,,7.75,,,Parede-016,460.01,-332.27,3.06,461.86,-324.66,14.15,0.20,11.09,0.0,,,,,,,
292,Wall,2A7A6967-B143-993B-29B8-2FECAD2AFA14,,,3.32,,,Parede-010,457.04,-325.55,3.06,460.33,-324.64,13.95,0.20,10.89,0.0,,,,,,,
293,Wall,DA0F3373-E5A0-A6F9-C5D8-9033966B1ED8,,,3.35,,,Parede-011,459.56,-324.64,2.88,460.48,-321.33,15.47,0.20,12.59,0.0,,,,,,,
294,Wall,2BF80EF0-54D6-F1F8-B8C8-F65C92CC8CDD,,,3.35,,,Parede-011,459.56,-321.57,1.39,462.87,-320.65,20.47,0.20,19.09,0.0,,,,,,,
295,Wall,0F5EC330-0573-0C03-1A95-1FBC5DA77489,,,23.07,,,Parede-010,492.91,-256.39,2.93,497.95,-233.83,20.84,0.10,17.91,0.0,,,,,,,
296,Wall,6B7A5D3C-7B72-9955-87E4-DB253718A778,,,22.00,,,Parede-010,498.02,-253.18,2.93,506.72,-232.82,7.93,0.20,5.00,0.0,,,,,,,
297,Wall,76FBDF6A-B6A5-602C-D5E5-2B2D54D54695,,,22.92,,,Parede-010,494.85,-255.82,2.93,499.86,-233.41,20.84,0.10,17.91,0.0,,,,,,,
298,Wall,C8CA68E6-8E48-192D-6D9A-A92193FB5F27,,,2.08,,,Parede-010,492.91,-233.95,2.93,494.97,-233.41,6.93,0.10,4.00,0.0,,,,,,,
299,Wall,7ACBD648-B14B-FE37-DF55-BC2627BD242A,,,19.91,,,Parede-010,495.68,-328.9,1.99,500.2,-309.42,19.15,0.20,17.16,0.0,,,,,,,
300,Wall,2ED052A0-4052-7A40-9275-0B22F8AE0CB1,,,21.82,,,Parede-008,498.18,-328.84,2.99,503.08,-307.49,8.9,0.20,5.91,0.0,,,,,,,
301,Wall,1A114BCD-572B-2ED4-6848-7C11B32C2DD6,,,2.48,,,Parede-009,502.89,-331.26,2.99,503.62,-328.8,9.09,0.20,6.10,0.0,,,,,,,
302,Wall,ED1B0D58-219C-2610-3389-1EEE5BCCA551,,,6.15,,,Parede-010,497.57,-332.56,-0.01,503.62,-331.02,9.09,0.20,9.10,0.0,,,,,,,
303,Wall,07B6BC5C-65F0-8C51-AF79-F95FCDD80639,,,3.04,,,Parede-011,496.96,-332.56,3.0,497.81,-329.54,13.91,0.20,10.91,0.0,,,,,,,
304,Wall,1F6DD5C5-DC93-A9D2-BF80-954F60FEF13D,,,7.14,,,Parede-012,495.4,-329.59,2.99,497.15,-322.58,17.99,0.20,15.00,0.0,,,,,,,
305,Wall,701BDD13-5A2B-D0A7-E3E6-2DF0F591A39D,,,2.50,,,Parede-013,494.86,-322.62,2.99,495.6,-320.14,18.13,0.20,15.14,0.0,,,,,,,
306,Wall,3E07AF49-9628-5DC6-DD6D-1BD2100C9284,,,2.53,,,Parede-014,494.3,-320.18,3.19,495.05,-317.66,14.15,0.20,10.96,0.0,,,,,,,
307,Wall,8F4DE35F-0EAA-A641-500E-18E36C943F30,,,7.75,,,Parede-016,492.62,-317.71,3.19,494.5,-310.1,14.15,0.20,10.96,0.0,,,,,,,
308,Wall,79055324-E93B-A3AF-41D2-BAB5D02F94BC,,,3.32,,,Parede-010,492.54,-310.36,2.99,495.82,-309.45,13.95,0.20,10.96,0.0,,,,,,,
309,Wall,CE597721-4734-F95A-2DF4-C14EC05F7DAE,,,3.35,,,Parede-011,491.63,-310.21,1.19,492.54,-306.89,12.37,0.20,11.18,0.0,,,,,,,
310,Wall,D53DA737-1C74-A062-6C6F-5D33D05BCE9D,,,3.42,,,Parede-011,488.48,-307.83,1.39,491.87,-306.89,12.37,0.20,10.98,0.0,,,,,,,
311,Wall,02642473-77C2-5270-7FB3-485915BD686F,,,4.55,,,Parede-011,454.48,-286.98,2.93,455.65,-282.49,11.89,0.20,8.96,0.0,,,,,,,
312,Wall,49AD26F7-152C-067E-6E12-96EA289E9731,,,29.01,,,Parede-012,455.36,-286.98,2.93,480.79,-272.66,16.05,0.20,13.12,0.0,89ECE2E0-68CA-8DA1-5D44-046EADBAC03A,,,,,,
313,Wall,C0DF24EC-D64E-9411-691A-5CCE60BC4E3A,,,10.35,,,Parede-013,478.36,-272.87,2.93,480.79,-262.73,16.05,0.20,13.12,0.0,,,,,,,
314,Wall,4C728FA7-7463-D132-3A7B-A4C233664BF5,,,5.52,,,Parede-012,487.09,-307.68,2.93,488.48,-302.25,14.95,0.20,12.02,0.0,,,,,,,
315,Wall,53A4C8D7-6F62-C498-BCCB-79F6009E1246,,,29.10,,,Parede-013,461.98,-316.79,2.93,487.39,-302.25,14.95,0.20,12.02,0.0,60BB81D0-D1A5-E963-70EE-22261FD4A912,,,,,,
316,Wall,A863D937-DC9F-48E2-7FF2-2EBEBD77914C,,,7.30,,,Parede-015,497.61,-339.68,2.99,499.39,-332.51,9.95,0.20,6.96,0.0,,,,,,,
317,Wall,18FD0C9D-129D-356E-7638-139445B2FD1D,,,35.09,,,Parede-014,465.06,-347.09,2.99,499.39,-339.44,9.95,0.20,6.96,0.0,,,,,,,
318,Wall,F09A0DBE-9738-8E10-7CD6-88A3F53AB9D7,,,3.49,,,Parede-016,472.88,-237.24,2.93,476.33,-236.29,14.95,0.20,12.02,0.0,,,,,,,
319,Wall,EBF57C58-FEC3-3F29-8894-4F81CBC60C45,,,4.72,,,Parede-015,471.67,-237.09,2.93,472.88,-232.43,14.95,0.20,12.02,0.0,,,,,,,
320,Wall,96EC91FE-43A6-8B1E-59E6-3F37CAB80999,,,28.47,,,Parede-014,447.23,-246.88,2.93,471.96,-232.43,14.95,0.20,12.02,0.0,,,,,,,
321,Wall,0149ABB7-A5B7-AFA5-D541-CEBB4A6BF6BA,,,10.33,,,Parede-013,447.23,-256.82,2.93,449.56,-246.67,14.95,0.20,12.02,0.0,,,,,,,
322,Wall,9FC98A47-5A49-7F93-E435-A5E71F75A302,,,4.15,,,Parede-012,445.31,-257.89,2.93,449.41,-256.82,9.95,0.20,7.02,0.0,,,,,,,
323,Wall,50CCB7B8-9EC4-9D2E-CA10-73D6F8BAE0AB,,,0.81,,,Parede-008,453.08,-325.05,3.06,453.91,-324.68,5.06,0.20,2.00,0.0,,,,,,,
324,Wall,60DBF6EC-5839-43D8-D4B4-4937D54E5333,,,1.09,,,Parede-008,498.37,-307.69,2.99,499.48,-307.26,4.96,0.20,1.97,0.0,,,,,,,
325,Wall,D1423E02-599B-EA94-794A-67CB8F75B694,,,0.01,,,Parede-014,479.52,-251.35,2.93,479.58,-251.15,15.84,0.20,12.91,0.0,,,,,,,
326,Wall,89241A54-4595-4307-AB16-E28AF8659EF1,,,9.41,,,Parede-008,427.85,-296.22,0.23,430.48,-286.99,6.26,0.40,6.03,0.0,,,,,,,
327,Wall,02F62DD8-7893-470C-BB91-F4D2208A2C33,,,34.87,,,adm,399.49,-312.48,2.73,430.48,-295.78,6.26,0.40,3.53,0.0,,,,,,,
328,Wall,C4856948-C128-428F-A8DD-A2525208D646,,,4.49,,,Parede-008,428.15,-286.99,2.74,432.61,-285.53,6.26,0.40,3.52,0.0,,,,,,,
329,Wall,73973938-71A4-4F96-997C-3554147D6066,,,3.38,,,Parede-009,408.46,-310.81,0.23,410.15,-307.77,6.26,0.12,6.03,0.0,,,,,,,
330,Wall,87582DA3-BB48-42BB-8F68-ACF1DB6E110B,,,3.38,,,adm,399.33,-315.65,0.23,401.26,-312.48,6.13,0.40,5.90,0.0,,,,,,,
331,Wall,62CEC222-5CB1-48A3-8E93-53B57EEE3FB3,,,3.38,,,Parede-011,404.04,-313.15,0.23,405.73,-310.11,6.26,0.12,6.03,0.0,,,,,,,
332,Wall,67BF2DD5-D0D8-4A1A-B5A1-C3631B3A2256,,,21.68,,,adm,401.24,-315.52,2.92,420.44,-305.25,6.26,0.12,3.34,0.0,"3291E5FF-FB64-4C33-8C76-A02256D60DDA, 45A21AA1-41A0-4128-B915-B3F7DDE3EE60",,,,,,
333,Wall,A2ED5C01-7634-496F-9F0B-0B935790FC7B,,,2.12,,,Parede-011,413.15,-307.25,0.23,415.07,-306.15,6.26,0.12,6.03,0.0,,,,,,,
334,Wall,71DCDB82-1E56-4E91-9294-D74C3532E6A4,,,3.38,,,Parede-011,414.22,-307.75,0.23,415.91,-304.71,6.26,0.12,6.03,0.0,"4704371A-5AE0-4C81-9F88-CC09B7CD645C, 16EC3561-59A3-4D99-A78E-CD1FC3FAB11B",,,,,,
335,Wall,22B01D96-2A29-4827-908F-61345696B527,,,3.32,,,adm,418.83,-305.25,2.92,420.49,-302.26,6.26,0.12,3.34,0.0,14B12EA6-BD84-4ABD-9D72-EBBC285A3A60,,,,,,
336,Wall,01F25DD6-4409-45DC-9D20-4D5AC712C8B0,,,3.44,,,Parede-009,426.12,-301.48,2.92,427.84,-298.39,6.26,0.12,3.34,0.0,,,,,,,
337,Wall,0A233644-0281-42D2-BB99-538AAC83BA9E,,,2.46,,,adm,409.29,-309.37,0.23,411.52,-308.11,6.26,0.12,6.03,0.0,7CEDA1F6-F689-4E1C-9F22-40C9ACAF5508,,,,,,
338,Wall,9A78B35D-15B3-4BE5-9AB7-B248B263E7D4,,,1.66,,,adm,410.58,-308.16,0.23,411.46,-306.64,6.26,0.12,6.03,0.0,,,,,,,
339,Wall,96969996-F932-4EFD-93EA-A04257F3ADCB,,,3.38,,,Parede-011,412.34,-308.74,0.23,414.03,-305.7,6.26,0.12,6.03,0.0,,,,,,,
340,Wall,53D54BA5-DB6F-455B-A593-774D35ABD009,,,0.07,,,adm,407.58,-312.17,3.08,408.46,-311.66,5.08,0.96,2.00,0.0,,,,,,,
341,Wall,A796C62E-89BC-4C00-9969-A280C2E2A3FF,,,0.07,,,adm,402.82,-314.7,3.08,403.49,-314.3,5.08,0.72,2.00,0.0,,,,,,,
342,Wall,7385F43D-276E-415B-9C58-0B7AEE8816AB,,,0.04,,,adm,412.07,-309.8,3.08,414.36,-308.56,5.08,2.56,2.00,0.0,,,,,,,
343,Wall,BED67B58-B700-4891-857B-69E39EF5D336,,,8.20,,,Parede-009,420.44,-305.33,2.92,427.74,-301.37,6.26,0.12,3.34,0.0,DF467850-6A2C-4363-A039-8E144779C5B5,,,,,,
344,Wall,0605FBAA-AB74-4378-B112-84F008593752,,,12.10,,,Parede-008,431.41,-297.97,0.23,434.4,-286.19,6.26,0.12,6.03,0.0,9F6D8EE5-E70F-4E64-8B1F-739DCD5BAE1A,,,,,,
345,Wall,3DDC9B71-2B25-4948-8731-C00F24F232DA,,,7.43,,,Parede-009,427.79,-301.42,2.92,434.4,-297.83,6.26,0.12,3.34,0.0,FC40218C-ED4C-43D5-B820-72AC368B1B75,,,,,,
346,Wall,4F4BE2C8-F07F-18A7-3CE7-FF20A782B970,,,21.64,,,Parede-013,427.13,-284.54,2.86,432.46,-263.48,13.01,0.20,10.14,0.0,,,,,,,
347,Wall,4CD34A5E-249D-4AA5-909D-1EB06BE493DA,,,0.13,,,Parede-010,410.8,-300.0,10.0,410.94,-299.88,11.1,0.12,1.10,0.0,,,,,,,
348,Wall,BAE57D16-58FD-4440-93C3-1EBADE63D5D3,,,0.23,,,Parede-011,410.94,-300.0,10.0,411.2,-299.85,11.1,0.12,1.10,0.0,,,,,,,
349,Wall,8F569895-33A7-4A30-B64F-62C2BB6786EB,,,0.35,,,Parede-012,411.17,-299.96,10.0,411.54,-299.73,11.1,0.12,1.10,0.0,,,,,,,
350,Wall,9DC887D0-1B52-443D-AA3B-EEBAFCD0D32B,,,0.65,,,Parede-013,411.5,-299.84,10.0,412.14,-299.55,11.1,0.12,1.10,0.0,,,,,,,
351,Wall,90630ACA-7421-4F03-B6DA-631F274CB029,,,0.43,,,Parede-014,412.12,-299.67,10.0,412.58,-299.46,11.1,0.12,1.10,0.0,,,,,,,
352,Wall,B557C4F1-FE4E-4936-B961-A513E4D0266A,,,0.50,,,Parede-015,412.54,-299.57,10.0,413.02,-299.13,11.1,0.12,1.10,0.0,,,,,,,
353,Wall,B00C9B15-6854-4D69-BC39-C08823F89C34,,,0.61,,,Parede-016,412.92,-299.19,10.0,413.18,-298.53,11.1,0.12,1.10,0.0,,,,,,,
354,Wall,4F070791-856B-4148-A4D0-637147C49BCE,,,0.60,,,Parede-017,413.04,-298.54,10.0,413.18,-297.93,11.1,0.12,1.10,0.0,,,,,,,
355,Wall,807D4DA7-E8E1-4699-BA39-1E65D58E7724,,,1.36,,,Parede-018,413.03,-297.94,10.0,413.28,-296.58,11.1,0.12,1.10,0.0,,,,,,,
356,Wall,8464995E-0A19-4DA7-8481-01643E0739E8,,,0.52,,,Parede-019,413.17,-296.62,10.0,413.4,-296.08,11.1,0.12,1.10,0.0,,,,,,,
357,Wall,2FC336EC-B267-4DE1-A0AA-27F64A346AC2,,,0.50,,,Parede-020,413.25,-296.1,10.0,413.42,-295.55,11.1,0.12,1.10,0.0,,,,,,,
358,Wall,3D766522-BF20-4FF9-A6B3-58425F79980F,,,0.61,,,Parede-021,412.88,-295.58,10.0,413.36,-295.0,11.1,0.12,1.10,0.0,,,,,,,
359,Wall,9CADB0B4-F44C-4578-B002-3006FA434B53,,,1.29,,,Parede-022,411.62,-295.09,10.0,412.95,-294.65,11.1,0.12,1.10,0.0,,,,,,,
360,Wall,7DEC3E8E-41F6-443D-970A-F3E3471C8E2D,,,1.15,,,Parede-023,410.47,-295.08,10.0,411.63,-294.66,11.1,0.12,1.10,0.0,,,,,,,
361,Wall,37E64998-5822-4A6A-A8A1-3610B0603622,,,14.44,,,Parede-024,409.92,-290.98,10.0,424.36,-290.83,12.5,0.15,2.50,0.0,B4ACA8DF-1D3B-498D-9CC6-E111EA86A869,,,,,,
362,Wall,A5D287A9-9578-4098-B839-1EEBC74CC884,,,43.20,,,CAIXILHO,425.06,-368.03,9.63,444.13,-329.1,19.26,0.18,9.63,0.0,,,,,,,
363,Wall,C1A79509-AF60-4A80-9F14-B66448E1F369,,,38.41,,,CAIXILHO,425.04,-329.09,9.44,425.22,-290.68,19.07,0.18,9.63,0.0,,,,,,,
364,Wall,137BCE47-4D52-4F46-9D66-182EB5E927AB,,,42.01,,,CAIXILHO,409.06,-332.7,9.63,409.25,-290.68,19.38,0.18,9.75,0.0,,,,,,,
365,Wall,5A3F5DA0-9B77-4DF9-8DAE-ECDC42A96CEB,,,46.58,,,CAIXILHO,409.07,-374.59,9.69,429.6,-332.62,18.31,0.18,8.62,0.0,,,,,,,
366,Wall,B483A19F-920A-437C-AA3F-35555B2DFB1E,,,27.67,,,Parede-030,428.91,-362.39,1.06,442.85,-338.09,1.56,0.40,0.50,0.0,,,,,,,
367,Wall,5C77072E-8B5C-462B-AA20-BEC47B1586C7,,,0.21,,,Parede-034,423.89,-350.54,16.18,424.09,-350.42,16.63,0.03,0.45,0.0,,,,,,,
368,Slab,18C7E4E1-59F2-42F2-8195-D14908119E50,,,,,,LAJE PRINCIPAL,409.64,-374.33,9.65,443.38,-290.86,10.0,,,0.0,,,,,,,
369,Slab,18941CF9-DA14-49F9-ACAA-C61B70F92093,,,,,,PISO CAF,409.84,-319.02,10.0,417.04,-290.98,10.01,,,0.0,,,,,,,
370,Slab,177BBB8B-3A4D-4533-9DED-3422A4F989B2,,,,,,ANDAR ACIMA,415.84,-340.11,10.0,422.63,-333.43,10.01,,,0.0,,,,,,,
371,Slab,964C5A25-B7BD-4F9D-AF2A-AE21DCF579C3,,,,,,ANDAR ACIMA,419.97,-347.82,10.0,426.69,-337.05,10.01,,,0.0,,,,,,,
372,Slab,39F3AA42-66DB-4F7C-8B67-8A8B1DB69317,,,,,,ANDAR ACIMA,421.68,-352.94,10.0,430.3,-347.15,10.01,,,0.0,,,,,,,
373,Slab,3277DDE4-76BC-42E8-A2D1-77BC9E8A690E,,,,,,ANDAR ACIMA,423.21,-359.39,10.0,430.66,-353.53,10.01,,,0.0,,,,,,,
374,Slab,B3757D22-1302-4175-9D46-4B9A4540D31E,,,,,,ANDAR ACIMA,430.01,-360.21,10.0,434.3,-352.97,10.01,,,0.0,,,,,,,
375,Slab,C0988454-717E-475C-AC0B-ABDD062A7708,,,,,,ANDAR ACIMA,427.63,-365.56,10.0,435.86,-360.46,10.01,,,0.0,,,,,,,
376,Slab,D3CA0A03-9404-41C1-96D2-E3DC6D754988,,,,,,ANDAR ACIMA,410.0,-329.91,11.2,410.04,-328.53,11.6,,,0.0,,,,,,,
377,Slab,4A015E9F-2EF8-45D6-AED8-EA5389A2E4F2,,,,,,ANDAR ACIMA,449.01,-379.37,14.06,468.54,-363.99,14.86,,,0.0,,,,,,,
378,Slab,F7736283-2C55-4667-BC3C-E16E3BDD03F3,,,,,,ANDAR ACIMA,442.88,-364.07,9.3,461.16,-348.24,9.7,,,0.0,,,,,,,
379,Slab,901267CC-9C9B-47E9-B3D6-424B48BB711A,,,,,,ANDAR ACIMA,448.52,-361.37,9.7,461.16,-353.89,10.1,,,0.0,,,,,,,
380,Slab,A0DBF24A-B8B1-4FDB-BA52-2146BD462168,,,,,,ANDAR ACIMA,443.87,-364.96,10.1,463.19,-347.81,10.5,,,0.0,,,,,,,
381,Slab,B7A4461D-4677-42C5-B9EE-25879FE551A4,,,,,,ANDAR ACIMA,444.34,-366.72,10.5,463.5,-351.15,10.9,,,0.0,,,,,,,
382,Slab,BA7E6A5E-9752-48EF-8E1C-C50949303796,,,,,,ANDAR ACIMA,448.5,-364.77,10.9,465.38,-347.39,11.3,,,0.0,,,,,,,
383,Slab,4A686DAC-DCC7-430A-AD03-07C6FF162AD9,,,,,,ANDAR ACIMA,445.27,-367.61,11.3,465.53,-348.85,11.7,,,0.0,,,,,,,
384,Slab,A31724B2-3E55-45B5-BFE5-881DAFCDB8AD,,,,,,ANDAR ACIMA,445.75,-368.49,11.7,466.63,-347.17,12.1,,,0.0,,,,,,,
385,Slab,D4701B2D-00FC-4FA6-A9CF-FBD1D460A963,,,,,,ANDAR ACIMA,446.21,-370.26,12.1,466.94,-357.7,12.5,,,0.0,,,,,,,
386,Slab,2224E045-BA2F-4D9D-B8B4-9CFF6D47BAD8,,,,,,ANDAR ACIMA,447.99,-369.56,12.5,463.64,-360.5,12.86,,,0.0,,,,,,,
387,Slab,B452F882-40D5-4387-AD18-F2CC22C5332A,,,,,,ANDAR ACIMA,447.15,-372.02,12.86,467.25,-359.8,13.26,,,0.0,,,,,,,
388,Slab,A77FC4CE-C543-4A70-9B3F-2A01929DE782,,,,,,ANDAR ACIMA,452.89,-369.24,13.26,467.25,-360.85,13.66,,,0.0,,,,,,,
389,Slab,E5E6A692-9C05-4DEC-A924-D8597BF329FE,,,,,,ANDAR ACIMA,448.07,-373.8,13.66,467.56,-361.9,14.06,,,0.0,,,,,,,
390,Slab,78B8D09D-0AC7-4BF4-BC8E-AE5396DE5A3A,,,,,,ANDAR ACIMA,448.54,-373.8,14.06,462.87,-365.42,14.46,,,0.0,,,,,,,
391,Slab,B46E83BE-8AA1-4751-93A7-6B7CCF31857A,,,,,,PASSARELA,411.04,-298.88,12.7,418.04,-297.34,12.99,,,0.0,,,,,,,
392,Slab,90CF8FA0-CC49-4B21-A789-AC00524C563D,,,,,,rampa,410.04,-323.77,13.69,418.04,-305.34,13.88,,,0.0,,,,,,,
393,Slab,9495884D-34B0-95F2-882B-9E61F9483A89,,,,,,Laje-008,366.31,-369.02,4.75,380.58,-357.64,4.93,,,0.0,,,,,,,
394,Slab,77127DED-3F87-A5E3-3C7E-9F43407D887B,,,,,,Laje-006,383.64,-365.3,5.63,389.82,-360.6,5.83,,,0.0,,,,,,,
395,Slab,A8FFB66B-0160-0DA7-45AF-6195101F2BED,,,,,,Laje-006,395.56,-362.03,10.65,400.06,-356.26,10.85,,,0.0,,,,,,,
396,Slab,AC7DFE79-6668-6832-F8CB-A764BA68B5A4,,,,,,Laje-006,387.46,-366.43,14.69,390.88,-362.91,14.89,,,0.0,,,,,,,
397,Slab,E7BAAC95-4AD5-F07A-E9FE-0CCF9195D679,,,,,,Laje-008,374.07,-337.7,3.89,388.33,-326.7,4.93,,,0.0,,,,,,,
398,Slab,B5BF3256-B244-471A-6219-90AAD192488F,,,,,,Laje-006,382.92,-368.6,16.22,386.34,-365.08,16.42,,,0.0,,,,,,,
399,Slab,0AA85272-62E0-4724-F647-02981318E00D,,,,,,Laje-006,379.62,-370.75,16.83,383.27,-366.55,17.03,,,0.0,,,,,,,
400,Slab,624EF6EB-E132-813A-2B4B-C6650540DCF0,,,,,,Laje-006,380.8,-366.96,18.15,384.46,-363.27,18.35,,,0.0,,,,,,,
401,Slab,91F8F83F-8A72-BD24-DB12-CF2F185295A7,,,,,,Laje-006,363.9,-338.21,5.63,370.08,-333.53,5.83,,,0.0,,,,,,,
402,Slab,E4357F15-30EA-7424-844E-1E4F9DBEC147,,,,,,Laje-006,353.67,-342.58,10.65,358.18,-336.81,10.85,,,0.0,,,,,,,
403,Slab,E4A8C1D0-5EAF-88D7-ADEA-5B88E1F8B3C3,,,,,,Laje-006,362.84,-335.9,14.69,366.26,-332.38,14.89,,,0.0,,,,,,,
404,Slab,9E70934D-0618-3ED2-1BB6-CCF39788BCB1,,,,,,Laje-006,367.37,-333.72,16.22,370.8,-330.2,16.42,,,0.0,,,,,,,
405,Slab,04AD7ECD-4446-1FCA-9CCD-3D7413292387,,,,,,Laje-006,370.43,-332.24,16.95,373.96,-328.14,17.15,,,0.0,,,,,,,
406,Slab,D0806731-1B6D-D08B-DAF5-BBC73054D72D,,,,,,Laje-006,391.58,-323.85,18.25,394.53,-319.84,18.45,,,0.0,,,,,,,
407,Slab,4543FA65-D6B8-41DC-D0A5-8B2AFEA3F706,,,,,,Laje-006,369.21,-335.49,18.14,373.11,-331.74,18.34,,,0.0,,,,,,,
408,Slab,E3D009E0-757A-09A1-BFE3-FCE4C2ABF784,,,,,,Laje-007,450.88,-280.41,2.93,476.32,-238.97,13.93,,,0.0,,,,,,,
409,Slab,C9D0F0F0-D085-3B44-49EA-F678EE5DAE2A,,,,,,Laje-008,429.39,-280.15,5.78,443.73,-268.91,5.96,,,0.0,,,,,,,
410,Slab,1A712155-1A42-2E29-67B0-AA462EFF8E06,,,,,,Laje-008,428.51,-268.24,7.75,438.95,-257.97,7.93,,,0.0,,,,,,,
411,Slab,C0DC6ED5-0BB2-242C-97B2-AEA7664864F7,,,,,,Laje-008,432.27,-297.16,2.75,458.14,-278.55,2.93,,,0.0,,,,,,,
412,Slab,565EAEB1-4D68-ABBD-4F51-93CF7603DBD1,,,,,,Laje-008,442.98,-284.82,2.93,451.68,-281.28,3.13,,,0.0,,,,,,,
413,Slab,643222AE-680A-1905-B1F0-2B8C940DE39F,,,,,,Laje-009,443.25,-284.54,3.13,451.62,-281.28,3.33,,,0.0,,,,,,,
414,Slab,63806078-35A5-49B3-C9B5-4C1D01368E83,,,,,,Laje-010,443.44,-284.34,3.33,451.56,-281.28,3.53,,,0.0,,,,,,,
415,Slab,803DB28E-13D8-0DBE-19CA-04F7DA34DDCF,,,,,,Laje-011,443.64,-284.14,3.53,451.52,-279.98,3.73,,,0.0,,,,,,,
416,Slab,0201EDE6-4838-6198-B1C5-2CFC0726973B,,,,,,Laje-006,441.65,-276.84,6.74,446.43,-267.95,6.96,,,0.0,,,,,,,
417,Slab,38394BE2-811D-83C9-B404-6CD6B08304BD,,,,,,Laje-006,439.34,-262.13,10.65,446.04,-257.7,10.85,,,0.0,,,,,,,
418,Slab,4B6EAC53-7E91-C598-E2AB-B590F3815781,,,,,,Laje-006,444.25,-269.76,13.99,448.09,-266.54,14.17,,,0.0,,,,,,,
419,Slab,77185F47-FA41-3AA4-29AF-1E1AAC72AF19,,,,,,Laje-006,445.5,-280.79,15.69,450.81,-271.59,15.89,,,0.0,,,,,,,
420,Slab,84BD45CF-97BB-6723-2E86-BD9EEA3EF46D,,,,,,Laje-008,484.52,-253.36,5.08,498.57,-242.44,5.26,,,0.0,,,,,,,
421,Slab,CC9A710F-9CF6-E455-1927-EA1DD3C34ACB,,,,,,Laje-008,483.91,-242.19,6.75,494.44,-230.9,6.93,,,0.0,,,,,,,
422,Slab,CBD16CF4-8EC4-01B6-E5F2-87EEFBCF82E4,,,,,,Laje-008,481.38,-262.01,2.88,489.71,-258.24,3.08,,,0.0,,,,,,,
423,Slab,470CB2D9-2745-A676-5659-4EFBDE11A463,,,,,,Laje-009,481.38,-261.74,3.08,489.43,-258.3,3.28,,,0.0,,,,,,,
424,Slab,054FBC3B-87CC-1B01-0074-B1603A9A918F,,,,,,Laje-010,481.39,-261.54,3.28,489.23,-258.34,3.48,,,0.0,,,,,,,
425,Slab,0D4038B6-DE08-2271-300B-4DED9FE206C9,,,,,,Laje-011,481.09,-261.35,3.48,489.03,-257.12,3.68,,,0.0,,,,,,,
426,Slab,3E4DF5E8-84EC-FA19-B0C2-245D3E3C2606,,,,,,Laje-006,481.62,-253.36,6.69,486.2,-244.49,6.91,,,0.0,,,,,,,
427,Slab,01F62AEA-8EEE-B438-53D4-376EE09567F0,,,,,,Laje-006,476.29,-239.26,10.6,482.95,-234.98,10.8,,,0.0,,,,,,,
428,Slab,58DFD0EC-7B11-E3BE-D686-E7FD2FA89DE8,,,,,,Laje-006,478.23,-247.63,13.94,482.01,-244.48,14.12,,,0.0,,,,,,,
429,Slab,03C6569B-EDA2-0AE6-99C0-6BE448F2BD16,,,,,,Laje-006,479.39,-258.74,15.64,484.43,-249.56,15.84,,,0.0,,,,,,,
430,Slab,FFFD7330-3F2E-A009-BDC6-778044B0C08B,,,,,,Laje-008,474.29,-271.85,2.75,500.52,-254.65,2.93,,,0.0,,,,,,,
431,Slab,347A949A-A78F-39C1-2362-9068A37C6B84,,,,,,Laje-008,458.11,-321.18,2.35,490.85,-296.55,3.06,,,0.0,,,,,,,
432,Slab,9A0EBE34-4BBD-4CBD-00A2-489F13AF3AA7,,,,,,Laje-008,452.38,-326.21,2.88,466.12,-317.3,3.06,,,0.0,,,,,,,
433,Slab,1C77BBC5-0388-77E5-298F-C8EB7E4B2FF6,,,,,,Laje-008,453.03,-324.85,3.06,460.19,-321.33,3.26,,,0.0,,,,,,,
434,Slab,5CC7E7F8-EAE5-60AF-917D-DE6E123DE5FA,,,,,,Laje-009,453.31,-324.79,3.26,460.19,-321.6,3.46,,,0.0,,,,,,,
435,Slab,91E367A5-CFC3-A156-380E-C163785E74E3,,,,,,Laje-010,453.51,-324.75,3.46,460.19,-321.8,3.66,,,0.0,,,,,,,
436,Slab,3B555867-6539-26D6-B24A-F152C839422C,,,,,,Laje-011,453.79,-326.43,3.66,460.29,-322.04,3.86,,,0.0,,,,,,,
437,Slab,15145308-762D-A991-007B-B47AEC3D1699,,,,,,Laje-006,455.22,-340.75,6.12,460.18,-330.2,6.34,,,0.0,,,,,,,
438,Slab,D5A15407-C96E-DBB7-D9E8-D76F6CCA35EE,,,,,,Laje-006,458.41,-348.41,8.91,465.1,-343.97,9.11,,,0.0,,,,,,,
439,Slab,12BB4F63-681A-C682-B7FD-A06D74397B23,,,,,,Laje-006,459.37,-338.91,12.25,463.16,-335.75,12.43,,,0.0,,,,,,,
440,Slab,053C5EB2-E8B2-7975-3106-5A7B0F2A62C2,,,,,,Laje-006,456.95,-333.82,13.95,462.13,-324.65,14.15,,,0.0,,,,,,,
441,Slab,4D447673-C229-16D9-EAB0-E694D3034668,,,,,,Laje-008,491.75,-308.85,2.86,499.44,-305.47,3.06,,,0.0,,,,,,,
442,Slab,83E3259F-F3A8-A254-1E82-92FEC864EA5E,,,,,,Laje-008,491.81,-308.85,3.06,499.16,-305.75,3.26,,,0.0,,,,,,,
443,Slab,CE49C4ED-B750-21B6-5574-2DE54E0B37DE,,,,,,Laje-009,491.87,-308.85,3.26,498.89,-306.03,3.46,,,0.0,,,,,,,
444,Slab,7305FFB8-E29A-45DF-EF2C-0265A1C34F5C,,,,,,Laje-010,491.92,-308.85,3.46,498.7,-306.23,3.66,,,0.0,,,,,,,
445,Slab,2FBB4AE1-0028-FC80-34B0-B3B77E961605,,,,,,Laje-011,491.96,-310.18,3.66,498.74,-306.45,3.86,,,0.0,,,,,,,
446,Slab,83912EB7-7E77-2911-FE97-39D45ACB43C0,,,,,,Laje-006,496.93,-324.18,6.12,501.93,-313.62,6.34,,,0.0,,,,,,,
447,Slab,94BC83C3-25D3-1BEF-7AC7-09BF588E0C5B,,,,,,Laje-006,496.92,-332.56,8.91,503.62,-328.1,9.11,,,0.0,,,,,,,
448,Slab,9FDF369E-A45B-6A52-EE2F-8A0DE1A23ADC,,,,,,Laje-006,495.09,-323.67,12.25,498.89,-320.5,12.43,,,0.0,,,,,,,
449,Slab,724D78B4-57B7-3CB9-FA57-6076BDD53E53,,,,,,Laje-006,492.54,-318.59,13.95,497.76,-309.42,14.15,,,0.0,,,,,,,
450,Slab,C8E63E53-E8CC-1D75-F54A-56DBF6BC4859,,,,,,Laje-008,485.39,-310.15,2.7,499.4,-305.16,2.88,,,0.0,,,,,,,
451,Slab,7868F133-C67A-CF8B-CF77-82B87F901601,,,,,,Laje-008,451.38,-292.64,2.75,484.62,-265.59,2.93,,,0.0,,,,,,,
452,Slab,75EDFB8B-27C7-27E2-61A3-29B8ED1B9BA6,,,,,,Laje-009,392.77,-252.78,9.75,409.84,-248.94,9.93,,,0.0,,,,,,,
453,Slab,61557B71-1A4F-4643-B3A3-491FCD330148,,,,,,LAJE APOIO,399.56,-316.84,2.72,436.14,-285.74,2.92,,,0.0,,,,,,,
454,Slab,98AC97CB-44A1-42D8-9966-5A58416F240A,,,,,,Laje-007,427.9,-286.09,2.92,432.37,-278.19,6.46,,,0.0,,,,,,,
455,Slab,2FC6DAD4-66C1-EEF5-75D5-EA4A04459317,,,,,,Laje-010,441.73,-362.25,2.88,460.13,-340.5,3.06,,,0.0,,,,,,,
456,Slab,BBB6ECE0-5CAB-4B7D-8C36-144FC39FC4F2,,,,,,Laje-007,410.31,-274.34,9.38,416.65,-263.64,9.54,,,0.0,,,,,,,
457,Slab,ABF62280-323B-4525-8CE4-841839C9999E,,,,,,ARQUIBANCADA,410.31,-274.34,9.83,416.65,-263.64,10.0,,,0.0,,,,,,,
458,Slab,C475BBBE-F839-43EA-AACF-245E2DB77B57,,,,,,ARQUIBANCADA,412.26,-275.97,9.5,417.4,-263.51,9.83,,,0.0,,,,,,,
459,Slab,D3EE922A-7D82-4683-B498-F085E90FB864,,,,,,ARQUIBANCADA,413.3,-276.32,9.5,417.79,-263.36,9.67,,,0.0,,,,,,,
460,Slab,56BB865D-5BF7-4F6C-84B0-425A5B6422AB,,,,,,ARQUIBANCADA,414.25,-276.68,9.33,418.18,-263.24,9.5,,,0.0,,,,,,,
461,Slab,A31E6F40-E394-4925-8062-5D23A2C4290F,,,,,,ARQUIBANCADA,414.86,-277.04,9.17,418.57,-263.12,9.33,,,0.0,,,,,,,
462,Slab,63F64B37-7B9F-4A09-AA27-0FE9A7B8F2E5,,,,,,ARQUIBANCADA,415.5,-277.39,9.0,418.96,-262.95,9.17,,,0.0,,,,,,,
463,Slab,BC4009FF-9862-47AD-8513-F355A127859C,,,,,,ARQUIBANCADA,399.48,-312.68,7.5,425.88,-262.14,9.0,,,0.0,,,,,,,
464,Slab,03631E17-CE2E-428D-892D-18E1D1002792,,,,,,ARQUIBANCADA,419.65,-278.73,7.0,424.5,-261.17,8.5,,,0.0,,,,,,,
465,Slab,5EA438D3-D70F-4449-827B-BB74EE0F0C05,,,,,,ARQUIBANCADA,399.78,-313.48,6.29,429.06,-260.23,8.0,,,0.0,,,,,,,
466,Slab,6370C82F-B462-42D8-BFD6-5222827D61CE,,,,,,ARQUIBANCADA,423.93,-294.27,8.0,427.01,-273.1,8.17,,,0.0,,,,,,,
467,Slab,F5992AF2-417E-4774-8779-3F77A2698059,,,,,,ARQUIBANCADA,424.0,-293.76,8.17,426.73,-273.75,8.33,,,0.0,,,,,,,
468,Slab,805B84D4-2ED2-43FE-9075-010E30B27CC2,,,,,,ARQUIBANCADA,424.4,-291.33,8.67,425.88,-277.67,8.83,,,0.0,,,,,,,
469,Slab,05EA24F8-BEB2-470C-9CAE-4BEA870D9AAB,,,,,,ARQUIBANCADA,424.25,-292.06,8.5,426.16,-276.27,8.67,,,0.0,,,,,,,
470,Slab,EF817551-820C-4DBC-A1EB-CDD4E8661A53,,,,,,ARQUIBANCADA,423.43,-296.93,7.83,427.59,-271.16,8.0,,,0.0,,,,,,,
471,Slab,6BCB7A6F-5042-4920-9668-DC42D91BC3AA,,,,,,ARQUIBANCADA,426.2,-291.12,6.47,430.75,-262.59,7.5,,,0.0,,,,,,,
472,Slab,A7883854-1DE2-4051-B3D1-8C0C0773FA54,,,,,,ARQUIBANCADA,406.31,-309.72,6.29,431.38,-288.43,6.83,,,0.0,,,,,,,
473,Slab,98DF55AC-F890-40DB-8160-174F4E209C94,,,,,,ARQUIBANCADA,410.75,-306.97,6.29,429.75,-290.22,7.17,,,0.0,,,,,,,
474,Slab,E87AC6D4-D586-49DE-B564-2C818D609430,,,,,,ARQUIBANCADA,413.48,-305.29,6.29,429.33,-290.68,7.33,,,0.0,,,,,,,
475,Slab,48516E1E-366F-4BAF-B50B-B7B5F83FE8CA,,,,,,ARQUIBANCADA,415.84,-303.83,6.29,428.88,-292.64,7.5,,,0.0,,,,,,,
476,Slab,9CA904E4-FD33-4DB0-9A68-FBC1A6306B10,,,,,,ARQUIBANCADA,417.39,-302.87,7.17,428.26,-294.44,7.67,,,0.0,,,,,,,
477,Slab,D0EFE79B-2765-4140-BA96-FBDB0168BFD0,,,,,,ARQUIBANCADA,392.28,-320.39,9.0,424.84,-263.88,10.0,,,0.0,,,,,,,
478,Slab,B44D88B3-3D6B-4CB5-BD94-41DEB541C601,,,,,,ARQUIBANCADA,424.1,-292.91,8.33,426.44,-274.77,8.5,,,0.0,,,,,,,
479,Slab,D7C5C755-9C3C-4463-9945-BB1215D779B4,,,,,,ARQUIBANCADA,423.82,-296.12,8.0,427.3,-272.06,8.17,,,0.0,,,,,,,
480,Slab,E00B8EA8-CE08-4C40-931A-96EF78D32D06,,,,,,ARQUIBANCADA,400.21,-316.84,6.29,436.14,-283.88,6.46,,,0.0,,,,,,,
481,Slab,355D895C-99D0-455B-98FB-A4195C5F68CF,,,,,,ARQUIBANCADA,418.96,-290.68,9.0,424.84,-277.39,9.54,,,0.0,,,,,,,
482,Slab,6607AE5B-8B43-4744-9D32-FFA386E503E7,,,,,,Laje-016,423.43,-296.93,7.38,427.59,-271.16,7.54,,,0.0,,,,,,,
483,Slab,ADC0FF67-B728-430D-8C11-1D38BE45BED3,,,,,,Laje-017,423.82,-296.12,7.54,427.3,-272.06,7.71,,,0.0,,,,,,,
484,Slab,7F8E6BF0-F4AD-4094-994D-ADF841FB129C,,,,,,Laje-019,424.1,-292.91,7.88,426.44,-274.77,8.04,,,0.0,,,,,,,
485,Slab,AF1688EB-BCBE-4F1A-A0AE-E1E54C1AA508,,,,,,ARQUIBANCADA,409.64,-304.82,8.54,424.84,-290.68,9.65,,,0.0,,,,,,,
486,Slab,D9F7E434-E835-424A-AAE2-DC1058E72EEE,,,,,,ARQUIBANCADA,417.39,-302.87,6.71,428.26,-294.44,7.21,,,0.0,,,,,,,
487,Slab,57618F6A-05E8-450D-B571-DE34203322B1,,,,,,Laje-025,426.2,-291.12,6.29,430.75,-262.59,7.04,,,0.0,,,,,,,
488,Slab,EFFD40B3-BE12-4C8F-BAB8-CFD9892504E4,,,,,,ARQUIBANCADA,417.22,-290.68,8.54,424.84,-275.8,9.0,,,0.0,,,,,,,
489,Slab,993A64D9-DB47-4793-8639-496DA41D9AD4,,,,,,Laje-021,424.25,-292.06,8.04,426.16,-276.27,8.21,,,0.0,,,,,,,
490,Slab,91DBAABD-3065-48DA-93BB-F42A096AA9FF,,,,,,Laje-020,424.4,-291.33,8.21,425.88,-277.67,8.38,,,0.0,,,,,,,
491,Slab,9050A864-D926-4CA9-84FB-0446BB21B179,,,,,,Laje-019,424.0,-293.76,7.71,426.73,-273.75,7.88,,,0.0,,,,,,,
492,Slab,C263A89E-9ED6-4759-B659-A8153CC8B9AE,,,,,,Laje-018,423.93,-294.27,7.54,427.01,-273.1,7.71,,,0.0,,,,,,,
493,Slab,61D6318F-46CA-43AD-B40C-87B8100E4BE1,,,,,,Laje-014,419.65,-278.73,6.54,424.5,-261.17,8.04,,,0.0,,,,,,,
494,Slab,CE8E0710-AADC-45B9-8C2C-AD96F8CC5675,,,,,,Laje-012,415.5,-277.39,8.54,418.96,-262.95,8.71,,,0.0,,,,,,,
495,Slab,BAE502CE-C9D1-4771-A961-FAD2809F7185,,,,,,Laje-011,414.86,-277.04,8.71,418.57,-263.12,8.88,,,0.0,,,,,,,
496,Slab,A499DF83-FA90-4F10-96F6-D0335011E2AC,,,,,,Laje-010,414.25,-276.68,8.88,418.18,-263.24,9.04,,,0.0,,,,,,,
497,Slab,53ECCDF0-1BF6-4DFE-8395-DD64ABD5AFB8,,,,,,Laje-009,413.3,-276.32,9.04,417.79,-263.36,9.21,,,0.0,,,,,,,
498,Slab,00778FA7-FACD-40A8-BC78-B3A77D754265,,,,,,Laje-008,412.26,-275.97,9.04,417.4,-263.51,9.38,,,0.0,,,,,,,
499,Slab,6E50AC7D-CCA6-4897-AB1C-933E86409118,,,,,,Laje-008,410.53,-299.88,10.75,413.3,-294.77,10.8,,,0.0,,,,,,,
500,Slab,28C4D170-1443-4DA6-B67E-54C216F1C95E,,,,,,trreo,413.18,-351.85,2.36,416.45,-347.46,2.56,,,0.0,,,,,,,
501,Slab,205625D1-C85E-4384-ADEE-722765C12470,,,,,,trreo,408.56,-353.86,2.39,411.15,-350.96,2.59,,,0.0,,,,,,,
502,Slab,C6F9906C-E321-4E22-8F83-C238C680DDF1,,,,,,trreo,413.03,-362.23,2.36,418.39,-358.44,2.56,,,0.0,,,,,,,
503,Slab,ABA99211-4900-48DB-B12C-899B11BD6D46,,,,,,trreo,419.61,-363.41,2.36,421.76,-360.6,2.56,,,0.0,,,,,,,
504,Slab,48A35A09-9463-4668-A327-845E6701EBD4,,,,,,trreo,415.5,-366.97,2.36,418.21,-363.99,2.56,,,0.0,,,,,,,
505,Slab,DC16EDA5-3A69-466D-92E4-E49C3CAFA619,,,,,,trreo,421.28,-367.75,2.36,423.69,-364.14,2.56,,,0.0,,,,,,,
506,Slab,A0A59E66-BD66-4875-B494-1A8CDF7D02A2,,,,,,PASSARELA,411.04,-299.88,12.9,418.04,-298.88,13.14,,,0.0,,,,,,,
507,Slab,EDC19434-8B8D-4570-BC25-502EA8A76FDE,,,,,,PASSARELA,411.04,-300.88,13.06,418.04,-299.88,13.29,,,0.0,,,,,,,
508,Slab,E2175D56-4527-4A8C-A79E-37AEA9B4748D,,,,,,PASSARELA,411.04,-301.88,13.21,418.04,-300.88,13.44,,,0.0,,,,,,,
509,Slab,2A556BCB-40DC-413F-857E-CBC833716FBA,,,,,,PASSARELA,411.04,-302.88,13.36,418.04,-301.88,13.59,,,0.0,,,,,,,
510,Slab,C9B080C0-888B-42FC-A723-C3A3D5670775,,,,,,PASSARELA,411.04,-303.88,13.51,418.04,-302.88,13.74,,,0.0,,,,,,,
511,Slab,6E63DFFF-D676-43C2-B29F-BABCEFD55A38,,,,,,PASSARELA,411.04,-305.34,13.66,418.04,-303.88,13.89,,,0.0,,,,,,,
512,Slab,D25D5DB0-F533-40EC-BD56-6C44DDF04613,,,,,,PASSARELA,411.04,-297.34,12.5,418.04,-294.77,12.69,,,0.0,,,,,,,
513,Slab,BE548694-4EBE-4003-B422-E6367B80532F,,,,,,ARQUIBANCADA,408.2,-308.55,6.29,430.5,-289.4,7.0,,,0.0,,,,,,,
514,Slab,EC7CB0EB-EFAE-4264-8176-CF6D98C79A96,,,,,,ARQUIBANCADA,428.55,-291.12,6.45,432.31,-269.34,7.0,,,0.0,,,,,,,
515,Slab,BCAEFFE7-21A3-4862-AF8F-197FBEE45589,,,,,,ARQUIBANCADA,426.27,-348.59,16.19,431.76,-345.79,16.29,,,0.0,,,,,,,
516,Slab,E270CB2F-1D0A-4030-A232-8C213DFF7818,,,,,,ARQUIBANCADA,429.2,-347.83,16.16,432.68,-346.0,16.26,,,0.0,,,,,,,
517,Slab,0C1F6FAF-79E6-4BBB-9880-33754B62D3FF,,,,,,ARQUIBANCADA,426.8,-349.67,16.13,432.28,-346.86,16.23,,,0.0,,,,,,,
518,Slab,94079E1C-B49E-4965-A278-B757C00A2190,,,,,,ARQUIBANCADA,427.06,-350.21,16.1,432.54,-347.4,16.2,,,0.0,,,,,,,
519,Slab,008EDF02-A673-419E-81DB-018727076700,,,,,,ARQUIBANCADA,426.97,-350.92,16.07,433.47,-347.62,16.17,,,0.0,,,,,,,
520,Slab,A1666C52-D262-46D4-A548-33B39E6D11D1,,,,,,ARQUIBANCADA,428.36,-350.9,16.04,433.28,-348.37,16.14,,,0.0,,,,,,,
521,Slab,11ED3081-12FB-464C-A812-A1498E0C5E9D,,,,,,ARQUIBANCADA,427.49,-351.99,16.01,433.99,-348.69,16.11,,,0.0,,,,,,,
522,Slab,95DD7FE8-F67D-47BC-B902-8E1F86BFF4FC,,,,,,ARQUIBANCADA,429.18,-351.84,15.98,432.92,-349.88,16.08,,,0.0,,,,,,,
523,Slab,FB9611CC-0962-453F-B4C7-E3480186F67E,,,,,,ARQUIBANCADA,429.03,-352.57,15.95,434.52,-349.77,16.05,,,0.0,,,,,,,
524,Slab,DF1503A0-26B7-4677-8AA3-F1B7B9BBDD1E,,,,,,ARQUIBANCADA,424.09,-344.11,16.19,429.57,-341.3,16.29,,,0.0,,,,,,,
525,Slab,F5C8B454-FFDE-48A6-A05F-C57A1B62129D,,,,,,ARQUIBANCADA,423.69,-344.97,16.16,427.17,-343.14,16.26,,,0.0,,,,,,,
526,Slab,6317DA43-66F4-4ABC-B342-2CA8ADFDFECF,,,,,,ARQUIBANCADA,424.61,-345.18,16.13,430.1,-342.38,16.23,,,0.0,,,,,,,
527,Slab,82FD778C-2EA2-4DF3-8073-B91CF324282A,,,,,,ARQUIBANCADA,424.88,-345.72,16.1,430.36,-342.92,16.2,,,0.0,,,,,,,
528,Slab,7BD04E7F-D4C1-4A33-89A7-BE989471FB05,,,,,,ARQUIBANCADA,424.47,-346.58,16.07,430.97,-343.28,16.17,,,0.0,,,,,,,
529,Slab,B9A99AE1-CF47-4B27-95C3-03714006D705,,,,,,ARQUIBANCADA,425.18,-346.9,16.04,430.1,-344.37,16.14,,,0.0,,,,,,,
530,Slab,271BAFED-1978-422F-B15F-85B38E9A7538,,,,,,ARQUIBANCADA,424.99,-347.66,16.01,431.5,-344.36,16.11,,,0.0,,,,,,,
531,Slab,565C5969-1DBE-4943-B98D-F1F703445084,,,,,,ARQUIBANCADA,426.59,-347.55,15.98,430.33,-345.59,16.08,,,0.0,,,,,,,
532,Slab,FF799AD7-DBB0-4E91-8812-7E4039AA2308,,,,,,ARQUIBANCADA,425.52,-348.74,15.95,431.0,-345.93,16.05,,,0.0,,,,,,,
533,Slab,A65CE46A-6A32-421A-AAF7-43A78422FCC0,,,,,,ARQUIBANCADA,429.26,-352.02,15.98,433.01,-350.06,16.08,,,0.0,,,,,,,
534,Slab,577CE9CE-5741-49C9-B341-D1F6F8FE5143,,,,,,ARQUIBANCADA,411.14,-319.68,17.59,417.14,-319.48,17.69,,,0.0,,,,,,,
535,Slab,EA4FB8B4-BB12-459C-BE3F-580C8B188197,,,,,,ARQUIBANCADA,413.06,-320.28,17.56,416.84,-320.08,17.66,,,0.0,,,,,,,
536,Slab,1E6EEA98-760D-4C69-A5F7-CFBB91B36FA3,,,,,,ARQUIBANCADA,411.14,-320.88,17.53,417.14,-320.68,17.63,,,0.0,,,,,,,
537,Slab,50DC31C7-E7A7-4A3E-AF8F-11925A45C826,,,,,,ARQUIBANCADA,411.14,-321.48,17.5,417.14,-321.28,17.6,,,0.0,,,,,,,
538,Slab,AB1B626E-E7FC-45D9-A37D-FD371AEDFBA4,,,,,,ARQUIBANCADA,410.74,-322.07,17.47,417.88,-321.87,17.57,,,0.0,,,,,,,
539,Slab,E57AA7BB-FD05-4844-B377-424C776BB645,,,,,,ARQUIBANCADA,412.01,-322.67,17.44,417.38,-322.47,17.54,,,0.0,,,,,,,
540,Slab,427560E0-26A6-41F3-BF79-8F1F2BF2C0E7,,,,,,ARQUIBANCADA,410.74,-323.27,17.41,417.88,-323.07,17.51,,,0.0,,,,,,,
541,Slab,944D9876-6546-4DDE-87EB-435213A06F95,,,,,,ARQUIBANCADA,412.33,-323.87,17.37,416.39,-323.67,17.47,,,0.0,,,,,,,
542,Slab,B344E503-76D3-4F80-9976-7246A7827B5C,,,,,,ARQUIBANCADA,411.14,-314.69,17.84,417.14,-314.49,17.94,,,0.0,,,,,,,
543,Slab,CF906B8F-9CC8-4997-AB25-8A4785F9B685,,,,,,ARQUIBANCADA,410.4,-315.29,17.81,414.17,-315.09,17.91,,,0.0,,,,,,,
544,Slab,462791FF-DCA8-4F38-ADA7-26E89A87F9FD,,,,,,ARQUIBANCADA,411.14,-315.89,17.78,417.14,-315.69,17.88,,,0.0,,,,,,,
545,Slab,6F8A6FB1-92E1-4646-8054-EBE024767FF6,,,,,,ARQUIBANCADA,411.14,-316.49,17.75,417.14,-316.29,17.85,,,0.0,,,,,,,
546,Slab,B621494B-152D-463F-BC26-765B479FB040,,,,,,ARQUIBANCADA,410.4,-317.09,17.72,417.53,-316.89,17.82,,,0.0,,,,,,,
547,Slab,198F5649-1C64-4246-B92B-D4D97B6F0172,,,,,,ARQUIBANCADA,410.89,-317.68,17.69,416.27,-317.48,17.79,,,0.0,,,,,,,
548,Slab,4F297A4B-0A6B-44BC-B4ED-11699BA7ACE7,,,,,,ARQUIBANCADA,410.4,-318.28,17.66,417.53,-318.08,17.76,,,0.0,,,,,,,
549,Slab,15A3EFA5-516C-46C2-9223-096EF664E05E,,,,,,ARQUIBANCADA,410.4,-319.48,17.6,416.4,-319.28,17.7,,,0.0,,,,,,,
550,Slab,629B4B02-39E9-4ABF-A915-C5B1554C6C08,,,,,,ARQUIBANCADA,412.33,-324.07,17.37,416.39,-323.87,17.47,,,0.0,,,,,,,
551,Slab,7E5D39E7-4923-4A52-8567-E304F353F62D,,,,,,ARQUIBANCADA,411.52,-309.69,18.09,417.52,-309.49,18.19,,,0.0,,,,,,,
552,Slab,34EA9085-6746-4747-93D7-A0FC5FEFA1AA,,,,,,ARQUIBANCADA,410.78,-310.29,18.06,414.56,-310.09,18.16,,,0.0,,,,,,,
553,Slab,3789ECD3-4FF1-4A9E-9290-E677BBFECFA4,,,,,,ARQUIBANCADA,411.52,-310.88,18.03,417.52,-310.68,18.13,,,0.0,,,,,,,
554,Slab,B3ED159F-EE1A-45A0-9D6C-3E23D2281675,,,,,,ARQUIBANCADA,411.52,-311.48,18.0,417.52,-311.28,18.1,,,0.0,,,,,,,
555,Slab,4017BAEC-DEFC-4ED6-A8A8-F809D7C43B73,,,,,,ARQUIBANCADA,410.78,-312.08,17.97,417.92,-311.88,18.07,,,0.0,,,,,,,
556,Slab,FB2FE599-58AA-4FBA-A515-B8A7953CBBF5,,,,,,ARQUIBANCADA,411.28,-312.68,17.94,416.66,-312.48,18.04,,,0.0,,,,,,,
557,Slab,8B4987C6-0140-4E95-B2CB-5E0CD48249EA,,,,,,ARQUIBANCADA,410.78,-313.28,17.91,417.92,-313.08,18.01,,,0.0,,,,,,,
558,Slab,9B406887-3523-4B42-A24A-80B85C9509DF,,,,,,ARQUIBANCADA,412.27,-313.88,17.88,416.33,-313.68,17.98,,,0.0,,,,,,,
559,Slab,7D2969EA-3024-4EC0-A1E5-D636C5F5F97E,,,,,,ARQUIBANCADA,410.78,-314.48,17.85,416.78,-314.28,17.95,,,0.0,,,,,,,
560,Slab,0FDD308E-8515-4602-87A7-E32C0F87013F,,,,,,ARQUIBANCADA,411.52,-304.7,18.34,417.52,-304.5,18.44,,,0.0,,,,,,,
561,Slab,B1C4FC95-EA61-4886-99C6-1F987D08CCE7,,,,,,ARQUIBANCADA,413.45,-305.3,18.31,417.22,-305.1,18.41,,,0.0,,,,,,,
562,Slab,8D59B2DF-9DA4-40EE-9BE1-1612D9AC72FC,,,,,,ARQUIBANCADA,411.52,-305.9,18.28,417.52,-305.7,18.38,,,0.0,,,,,,,
563,Slab,C1F1EB7A-9DB1-4CAF-B831-D24256859985,,,,,,ARQUIBANCADA,411.52,-306.5,18.25,417.52,-306.3,18.35,,,0.0,,,,,,,
564,Slab,EBA2D1E5-B887-48E4-BE05-1EB9F410D229,,,,,,ARQUIBANCADA,411.13,-307.09,18.22,418.26,-306.89,18.32,,,0.0,,,,,,,
565,Slab,2B8C8F73-78A3-444D-9AB3-00A5E1584C5C,,,,,,ARQUIBANCADA,412.39,-307.69,18.19,417.77,-307.49,18.29,,,0.0,,,,,,,
566,Slab,CFDD2036-B770-4C37-8D33-F51156E7A21E,,,,,,ARQUIBANCADA,411.13,-308.29,18.16,418.26,-308.09,18.26,,,0.0,,,,,,,
567,Slab,996EB73E-B53C-413B-B3ED-9ED43B596A23,,,,,,ARQUIBANCADA,412.26,-309.49,18.09,418.26,-309.29,18.19,,,0.0,,,,,,,
568,Slab,7943844C-0643-47C2-8FA5-3D018F97813C,,,,,,ARQUIBANCADA,412.27,-314.08,17.87,416.33,-313.88,17.97,,,0.0,,,,,,,
569,Slab,EB2998BA-B569-4698-B916-B606A2730EE1,,,,,,ARQUIBANCADA,411.88,-324.47,17.35,417.88,-324.27,17.45,,,0.0,,,,,,,
570,Slab,E14D5D1A-688E-4D05-B440-A8075E9E205C,,,,,,ARQUIBANCADA INTERNA,409.98,-335.16,10.0,416.95,-310.58,10.4,,,0.0,,,,,,,
571,Slab,41E0888F-B746-45FF-8107-2C6BAF934284,,,,,,ARQUIBANCADA INTERNA,409.98,-334.3,10.4,415.19,-311.49,11.2,,,0.0,,,,,,,
572,Slab,2DB82DCC-C5EB-4C35-93CB-A0FB4A4EC9F6,,,,,,ARQUIBANCADA INTERNA,409.95,-316.37,11.2,412.62,-311.49,11.6,,,0.0,,,,,,,
573,Slab,B05EC7CB-2BB6-463F-A96E-3D715FAA80F7,,,,,,ARQUIBANCADA INTERNA,411.47,-327.54,10.4,416.04,-318.87,10.8,,,0.0,,,,,,,
574,Slab,8C722E33-EE21-4117-964E-D99D8AFA0093,,,,,,ANDAR ACIMA,410.06,-333.84,11.2,410.42,-332.89,11.6,,,0.0,,,,,,,
575,Slab,FC52A431-9865-40FC-AA7F-7C8C64873106,,,,,,ARQUIBANCADA INTERNA,409.97,-331.51,11.2,413.38,-315.85,12.0,,,0.0,,,,,,,
576,Slab,E2E99FCD-DF6D-4E53-BDA6-0776D01BAAF2,,,,,,ARQUIBANCADA INTERNA,409.98,-330.57,12.0,413.44,-316.37,12.4,,,0.0,,,,,,,
577,Slab,5836A25B-A7E7-46A6-9D83-D491AAF8AA95,,,,,,ARQUIBANCADA INTERNA,409.98,-329.45,12.4,412.44,-316.26,12.8,,,0.0,,,,,,,
578,Slab,E8EA62ED-6EB7-4E8E-A75D-041AD1635DFA,,,,,,ARQUIBANCADA INTERNA,409.98,-326.56,12.8,412.19,-316.26,13.3,,,0.0,,,,,,,
579,Slab,C5FB063A-0B78-48BE-A65F-7AF8D365CDC1,,,,,,ANDAR ACIMA,409.84,-326.5,13.5,409.84,-326.46,14.0,,,0.0,,,,,,,
580,Slab,798C7220-FA37-432F-81C0-EC36C0D499E9,,,,,,ARQUIBANCADA INTERNA,409.98,-326.04,13.3,411.54,-319.66,13.69,,,0.0,,,,,,,
581,Slab,C0C17864-EAC3-488F-8DA6-1DB2A3806DC1,,,,,,ARQUIBANCADA INTERNA,410.01,-332.46,10.8,415.16,-319.79,11.6,,,0.0,,,,,,,
582,Slab,27732B5E-0D26-4D67-A527-DB421B7FE971,,,,,,trreo,405.36,-375.26,2.06,429.38,-343.92,2.56,,,0.0,,,,,,,
583,Slab,FE3989CD-B854-4B6E-BE2B-DB2AA9E03475,,,,,,verde,413.61,-375.26,2.69,430.57,-365.9,2.79,,,0.0,,,,,,,
584,Slab,7250B196-0559-41B4-AA10-8CAC5C8C2DFD,,,,,,verde,448.69,-343.63,2.96,458.04,-324.87,3.06,,,0.0,,,,,,,
585,Slab,41A35038-BDF5-4387-9F4B-122FDA152F80,,,,,,trreo,416.3,-357.37,2.39,421.02,-353.95,2.59,,,0.0,,,,,,,
586,Slab,A10DEF10-5D29-479B-AA1B-107363304CE5,,,,,,trreo,455.11,-354.43,2.86,460.13,-343.86,3.06,,,0.0,,,,,,,
587,Slab,9836A90B-05A2-4C69-9976-1E3010AAD82D,,,,,,trreo,427.97,-362.42,0.56,460.14,-326.76,0.86,,,0.0,,,,,,,
588,Slab,04A08160-7D01-4674-AD55-8410913088EE,,,,,,trreo,437.89,-369.24,10.03,444.14,-360.72,15.67,,,0.0,,,,,,,
589,Slab,2E08FFA3-11D3-45A7-95CE-8ECD38B5C4BE,,,,,,rampa,421.4,-359.34,12.5,438.07,-323.14,12.69,,,0.0,,,,,,,
590,Slab,85420CF8-352B-4F73-88E2-85F5665D1FA9,,,,,,rampa,438.08,-357.36,12.5,438.11,-357.29,12.69,,,0.0,,,,,,,
591,Slab,C9B3E7CA-9B07-4FF2-8722-8DAADDA7E97C,,,,,,trreo,412.4,-356.89,2.39,415.84,-353.78,2.59,,,0.0,,,,,,,
592,Zone,85223960-E476-4B91-9207-2952ADFE2240,,,,427.02,-295.68,Zona-001,426.14,-301.42,0.0,434.29,-286.13,10.0,,,3.0,,3A5119A4-C7B3-4141-B0AE-E08DE160D2AC,LIVING AREA,01,10.00,,
593,Zone,8233F6F7-6EF1-463E-8060-92F1CBA60571,,,,420.44,-299.69,Zona-001,418.93,-305.19,0.0,427.68,-298.44,10.0,,,3.0,,261E51A6-F6FD-4739-AA10-21D42E22E5D6,ADMINISTRATION,01,10.00,,
594,Zone,D43BFCF6-5A56-4975-B258-1591597CA800,,,,400.64,-310.09,Zona-001,399.6,-315.39,0.0,405.6,-309.93,10.0,,,3.0,,26669934-D926-4BA2-976A-A0F72996B0DC,LOCKER ROOM,01,10.00,,
595,Zone,F5A73F2B-A269-4017-ACAA-CAB38A956E63,,,,404.05,-308.27,Zona-001,403.01,-313.04,0.0,410.02,-307.82,10.0,,,3.0,,13102844-FC84-45DA-B088-FAF387DFB376,LOCKER ROOM,01,10.00,,
596,Zone,92E19416-729E-4DBA-B5C7-7BB7A3D0E056,,,,409.07,-305.52,Zona-001,408.08,-309.23,0.0,411.36,-305.36,10.0,,,3.0,,3F2F0768-C2C2-493F-8D75-95014A96BE4F,FAMILY SPACE,01,10.00,,
597,Zone,4DAA42CE-9BD6-4E03-BDB0-52814FB7CCF4,,,,414.84,-303.16,Zona-001,412.45,-308.63,0.0,420.38,-302.32,10.0,,,3.0,,29F12E9B-3C09-4F1D-9D2C-A8E3B42B96A5,STAFF,01,10.00,,
598,Door,24D42A10-EDC0-4C25-8209-BFA7E631950B,,,,,,P01,438.71,-365.57,10.0,440.02,-364.27,12.1,0.90 ,2.10 ,0.0,,,,,,0289D9C4-E84F-41EB-BDA1-8AF44B8885B7,
599,Door,B67A73C2-2071-4BCD-A4A6-CC9265444E6F,,,,,,P01,439.66,-367.54,10.0,440.97,-366.23,12.1,0.90 ,2.10 ,0.0,,,,,,0289D9C4-E84F-41EB-BDA1-8AF44B8885B7,
600,Door,4778A7A1-077B-456F-A7AD-020EC7AE6DDB,,,,,,P01,439.82,-364.94,10.0,441.0,-363.77,12.1,0.80 ,2.10 ,0.0,,,,,,BE54501B-9124-43EF-A5AB-2F8C37C95D76,
601,Door,63F8FA33-4EC9-483A-9F13-0BAE8A0E8E20,,,,,,P02,416.48,-305.81,13.89,417.55,-305.22,15.99,1.00 ,2.10 ,0.0,,,,,,A15B1D10-3ED7-42D9-8F3C-C356713B8E68,
602,Door,89ECE2E0-68CA-8DA1-5D44-046EADBAC03A,,,,,,P01,473.52,-276.53,2.93,476.36,-274.14,5.03,2.50 ,2.10 ,0.0,,,,,,49AD26F7-152C-067E-6E12-96EA289E9731,F6310636-63FD-5EE6-BA91-84E5A03B0CE5
603,Door,DC6F0989-1A7B-727A-D5D7-1DFED3C90559,,,,,,P02,459.77,-284.21,2.93,462.6,-281.83,5.03,2.50 ,2.10 ,0.0,,,,,,49AD26F7-152C-067E-6E12-96EA289E9731,15F098BC-FAE4-B313-1E68-7CD6E4C236EE
604,Door,60BB81D0-D1A5-E963-70EE-22261FD4A912,,,,,,P01,467.09,-314.88,3.06,469.92,-312.48,5.16,2.50 ,2.10 ,0.0,,,,,,53A4C8D7-6F62-C498-BCCB-79F6009E1246,0A3705ED-5877-3E17-276D-1BF8AE3AA96E
605,Door,4704371A-5AE0-4C81-9F88-CC09B7CD645C,,,,,,P01,415.05,-307.24,3.0,416.38,-305.92,5.1,0.90 ,2.10 ,0.0,,,,,,71DCDB82-1E56-4E91-9294-D74C3532E6A4,6C802201-6967-4B45-A29B-F8B65408335E
606,Door,16EC3561-59A3-4D99-A78E-CD1FC3FAB11B,,,,,,P01,414.47,-306.15,3.0,415.8,-304.83,5.1,0.90 ,2.10 ,0.0,,,,,,71DCDB82-1E56-4E91-9294-D74C3532E6A4,B2113067-B490-4A68-B6A8-5A0A3D99AA8B
607,Door,3291E5FF-FB64-4C33-8C76-A02256D60DDA,,,,,,adm,404.29,-313.71,3.0,405.61,-312.38,5.1,0.90 ,2.10 ,0.0,,,,,,67BF2DD5-D0D8-4A1A-B5A1-C3631B3A2256,AA82731E-E111-4CD3-8482-15EAF767C4E1
608,Door,45A21AA1-41A0-4128-B915-B3F7DDE3EE60,,,,,,adm,405.37,-313.13,3.0,406.69,-311.81,5.1,0.90 ,2.10 ,0.0,,,,,,67BF2DD5-D0D8-4A1A-B5A1-C3631B3A2256,1B9A7DEB-5FCE-4A65-8146-B5F228516394
609,Door,7CEDA1F6-F689-4E1C-9F22-40C9ACAF5508,,,,,,P01,410.44,-309.5,3.0,411.76,-308.17,5.1,0.90 ,2.10 ,0.0,,,,,,0A233644-0281-42D2-BB99-538AAC83BA9E,A333C61C-7974-4BAD-99B1-A8A5BFA420F4
610,Door,FCCB5A45-6F61-4606-B4B9-BC067E2C4928,,,,,,adm,409.78,-310.79,3.0,411.1,-309.46,5.1,0.90 ,2.10 ,0.0,,,,,,67BF2DD5-D0D8-4A1A-B5A1-C3631B3A2256,D92C0E96-48E2-48C6-9989-68A8070C605C
611,Door,14B12EA6-BD84-4ABD-9D72-EBBC285A3A60,,,,,,P01,418.11,-303.63,2.92,419.44,-302.31,5.02,0.90 ,2.10 ,0.0,,,,,,22B01D96-2A29-4827-908F-61345696B527,41C6C9CF-40BA-449E-A429-A16B1A4917DD
612,Door,DF467850-6A2C-4363-A039-8E144779C5B5,,,,,,adm,420.49,-306.0,2.92,428.11,-301.37,6.29,8.14 ,3.37 ,0.0,,,,,,BED67B58-B700-4891-857B-69E39EF5D336,E6FBB276-A641-4FF6-9C93-77125D6D7458
613,Door,FC40218C-ED4C-43D5-B820-72AC368B1B75,,,,,,adm,427.79,-302.05,2.92,434.65,-297.88,6.26,7.33 ,3.34 ,0.0,,,,,,3DDC9B71-2B25-4948-8731-C00F24F232DA,E1C9CE94-3F05-417C-AE54-CD40880CC3F0
614,Door,9F6D8EE5-E70F-4E64-8B1F-739DCD5BAE1A,,,,,,P03,431.42,-297.88,2.92,435.2,-286.01,6.26,11.97 ,3.34 ,0.0,,,,,,0605FBAA-AB74-4378-B112-84F008593752,233206E2-E9B0-4274-A6AA-8AA7279D937C
615,Door,B4ACA8DF-1D3B-498D-9CC6-E111EA86A869,,,,,,P04,409.92,-293.39,10.0,424.36,-290.83,12.5,14.44 ,2.50 ,0.0,,,,,,37E64998-5822-4A6A-A8A1-3610B0603622,BD4FC46D-B1E2-43FA-8E89-0B6421C39A69
616,Zone Stamp,3A5119A4-C7B3-4141-B0AE-E08DE160D2AC,,,,,,Zone Stamp,426.14,-295.84,0.0,427.89,-295.53,0.0,,,,,,,,,,
617,Zone Stamp,261E51A6-F6FD-4739-AA10-21D42E22E5D6,,,,,,Zone Stamp,419.26,-299.84,0.0,421.62,-299.53,0.0,,,,,,,,,,
618,Zone Stamp,26669934-D926-4BA2-976A-A0F72996B0DC,,,,,,Zone Stamp,399.6,-310.24,0.0,401.68,-309.93,0.0,,,,,,,,,,
619,Zone Stamp,13102844-FC84-45DA-B088-FAF387DFB376,,,,,,Zone Stamp,403.01,-308.43,0.0,405.09,-308.11,0.0,,,,,,,,,,
620,Zone Stamp,3F2F0768-C2C2-493F-8D75-95014A96BE4F,,,,,,Zone Stamp,408.08,-305.68,0.0,410.05,-305.36,0.0,,,,,,,,,,
621,Zone Stamp,29F12E9B-3C09-4F1D-9D2C-A8E3B42B96A5,,,,,,Zone Stamp,414.41,-303.31,0.0,415.27,-303.0,0.0,,,,,,,,,,
622,DimText 0,9395F5F5-2CF4-4DD0-B40B-343674E421F7,,0.00,,32.9,24.91,Dim Text 0,32.9,24.91,0.0,33.4,25.41,0.0,,,,,,,,,,
623,DimText 1,9395F5F5-2CF4-4DD0-B40B-343674E421F7,,4.61,,35.21,24.91,Dim Text 1,35.21,24.91,0.0,35.71,25.41,0.0,,,,,,,,,,
624,DimText 2,1F714698-575A-488F-A8A0-0BC34555C849,,0.00,,29.85,27.21,Dim Text 2,29.85,27.21,0.0,30.35,27.71,0.0,,,,,,,,,,
625,DimText 3,1F714698-575A-488F-A8A0-0BC34555C849,,5.75,,32.73,27.21,Dim Text 3,32.73,27.21,0.0,33.23,27.71,0.0,,,,,,,,,,
626,DimText 4,34CAF900-6905-7911-D7D7-665996673EFA,,0.00,,29.02,27.49,Dim Text 4,29.02,27.49,0.0,29.52,27.99,0.0,,,,,,,,,,
627,DimText 5,34CAF900-6905-7911-D7D7-665996673EFA,,5.75,,31.9,27.49,Dim Text 5,31.9,27.49,0.0,32.4,27.99,0.0,,,,,,,,,,
628,DimText 6,4C353BA0-226C-DDD3-BDB0-9F3E18F34954,,0.00,,32.07,25.19,Dim Text 6,32.07,25.19,0.0,32.57,25.69,0.0,,,,,,,,,,
629,DimText 7,4C353BA0-226C-DDD3-BDB0-9F3E18F34954,,4.61,,34.38,25.19,Dim Text 7,34.38,25.19,0.0,34.88,25.69,0.0,,,,,,,,,,
630,DimText 8,F563FD7E-77CA-4F15-ADD7-D74DA6837072,,0.00,,402.17,-317.78,Dim Text 8,402.17,-317.78,0.0,402.67,-317.28,0.0,,,,,,,,,,
631,DimText 9,F563FD7E-77CA-4F15-ADD7-D74DA6837072,,37.51,,418.68,-309.04,Dim Text 9,418.68,-309.04,0.0,419.18,-308.54,0.0,,,,,,,,,,
632,DimText 10,2E373F28-DC6A-445C-BD7B-F1459DEDD777,,0.00,,436.43,-297.17,Dim Text 10,436.43,-297.17,0.0,436.93,-296.67,0.0,,,,,,,,,,
633,DimText 11,2E373F28-DC6A-445C-BD7B-F1459DEDD777,,12.20,,434.96,-291.17,Dim Text 11,434.96,-291.17,0.0,435.46,-290.67,0.0,,,,,,,,,,
634,DimText 12,D63D7E87-3142-4A76-9179-AABCD27C6CBE,,0.00,,402.77,-318.71,Dim Text 12,402.77,-318.71,0.0,403.27,-318.21,0.0,,,,,,,,,,
635,DimText 13,D63D7E87-3142-4A76-9179-AABCD27C6CBE,,10.00,,407.11,-316.4,Dim Text 13,407.11,-316.4,0.0,407.61,-315.9,0.0,,,,,,,,,,
636,DimText 14,D63D7E87-3142-4A76-9179-AABCD27C6CBE,,10.00,,415.94,-311.71,Dim Text 14,415.94,-311.71,0.0,416.44,-311.21,0.0,,,,,,,,,,
637,DimText 15,D63D7E87-3142-4A76-9179-AABCD27C6CBE,,10.00,,424.78,-307.02,Dim Text 15,424.78,-307.02,0.0,425.28,-306.52,0.0,,,,,,,,,,
638,DimText 16,D63D7E87-3142-4A76-9179-AABCD27C6CBE,,5.25,,431.58,-303.41,Dim Text 16,431.58,-303.41,0.0,432.08,-302.91,0.0,,,,,,,,,,
639,DimText 17,D63D7E87-3142-4A76-9179-AABCD27C6CBE,,4.25,,435.78,-301.18,Dim Text 17,435.78,-301.18,0.0,436.28,-300.68,0.0,,,,,,,,,,
640,DimText 18,0D0E49F1-DCF7-4979-8DA3-E4AC9B467E81,,0.00,,399.26,-316.79,Dim Text 18,399.26,-316.79,0.0,399.76,-316.29,0.0,,,,,,,,,,
641,DimText 19,0D0E49F1-DCF7-4979-8DA3-E4AC9B467E81,,4.00,,398.32,-315.02,Dim Text 19,398.32,-315.02,0.0,398.82,-314.52,0.0,,,,,,,,,,
642,DimText 20,D22903A3-14F2-42F0-AF2B-77A5A4C87F83,,0.00,,429.5,-295.95,Dim Text 20,429.5,-295.95,0.0,430.0,-295.45,0.0,,,,,,,,,,
643,DimText 21,D22903A3-14F2-42F0-AF2B-77A5A4C87F83,,9.41,,428.38,-291.39,Dim Text 21,428.38,-291.39,0.0,428.88,-290.89,0.0,,,,,,,,,,
644,DimText 22,E47FFE9D-B080-452F-894D-03EC4A41F030,,0.00,,408.18,-329.68,Dim Text 22,408.18,-329.68,0.0,408.68,-329.18,0.0,,,,,,,,,,
645,DimText 23,E47FFE9D-B080-452F-894D-03EC4A41F030,,6.42,,408.18,-326.47,Dim Text 23,408.18,-326.47,0.0,408.68,-325.97,0.0,,,,,,,,,,
646,DimText 24,E47FFE9D-B080-452F-894D-03EC4A41F030,,6.42,,408.18,-320.04,Dim Text 24,408.18,-320.04,0.0,408.68,-319.54,0.0,,,,,,,,,,
647,DimText 25,E47FFE9D-B080-452F-894D-03EC4A41F030,,6.42,,408.18,-313.62,Dim Text 25,408.18,-313.62,0.0,408.68,-313.12,0.0,,,,,,,,,,
648,DimText 26,E47FFE9D-B080-452F-894D-03EC4A41F030,,6.42,,408.18,-307.2,Dim Text 26,408.18,-307.2,0.0,408.68,-306.7,0.0,,,,,,,,,,
649,DimText 27,E47FFE9D-B080-452F-894D-03EC4A41F030,,6.42,,408.18,-300.77,Dim Text 27,408.18,-300.77,0.0,408.68,-300.27,0.0,,,,,,,,,,
650,DimText 28,E47FFE9D-B080-452F-894D-03EC4A41F030,,6.50,,408.18,-294.31,Dim Text 28,408.18,-294.31,0.0,408.68,-293.81,0.0,,,,,,,,,,
651,DimText 29,27B182D4-FFF3-4291-9932-2DC4BF082D6C,,0.00,,428.18,-374.86,Dim Text 29,428.18,-374.86,0.0,428.68,-374.36,0.0,,,,,,,,,,
652,DimText 30,27B182D4-FFF3-4291-9932-2DC4BF082D6C,,5.58,,426.96,-372.36,Dim Text 30,426.96,-372.36,0.0,427.46,-371.86,0.0,,,,,,,,,,
653,DimText 31,27B182D4-FFF3-4291-9932-2DC4BF082D6C,,6.14,,424.4,-367.09,Dim Text 31,424.4,-367.09,0.0,424.9,-366.59,0.0,,,,,,,,,,
654,DimText 32,27B182D4-FFF3-4291-9932-2DC4BF082D6C,,6.14,,421.71,-361.57,Dim Text 32,421.71,-361.57,0.0,422.21,-361.07,0.0,,,,,,,,,,
655,DimText 33,27B182D4-FFF3-4291-9932-2DC4BF082D6C,,6.14,,419.03,-356.04,Dim Text 33,419.03,-356.04,0.0,419.53,-355.54,0.0,,,,,,,,,,
656,DimText 34,27B182D4-FFF3-4291-9932-2DC4BF082D6C,,6.14,,416.34,-350.52,Dim Text 34,416.34,-350.52,0.0,416.84,-350.02,0.0,,,,,,,,,,
657,DimText 35,27B182D4-FFF3-4291-9932-2DC4BF082D6C,,6.14,,413.65,-345.0,Dim Text 35,413.65,-345.0,0.0,414.15,-344.5,0.0,,,,,,,,,,
658,DimText 36,27B182D4-FFF3-4291-9932-2DC4BF082D6C,,6.37,,410.92,-339.37,Dim Text 36,410.92,-339.37,0.0,411.42,-338.87,0.0,,,,,,,,,,
659,DimText 37,3E628F08-B0D5-4948-9302-DF9305883CD3,,0.00,,407.71,-329.18,Dim Text 37,407.71,-329.18,0.0,408.21,-328.68,0.0,,,,,,,,,,
660,DimText 38,3E628F08-B0D5-4948-9302-DF9305883CD3,,7.51,,408.6,-332.83,Dim Text 38,408.6,-332.83,0.0,409.1,-332.33,0.0,,,,,,,,,,
661,DimText 39,AC7C0075-F4DF-49EB-97B1-41D9E2E07947,,0.00,,430.7,-376.65,Dim Text 39,430.7,-376.65,0.0,431.2,-376.15,0.0,,,,,,,,,,
662,DimText 40,AC7C0075-F4DF-49EB-97B1-41D9E2E07947,,"15,00",,437.38,-373.4,Dim Text 40,437.38,-373.4,0.0,437.88,-372.9,0.0,,,,,,,,,,
663,DimText 41,1AF08088-F96F-4DBD-9E2C-D21AEECA2141,,0.00,,426.46,-329.58,Dim Text 41,426.46,-329.58,0.0,426.96,-329.08,0.0,,,,,,,,,,
664,DimText 42,1AF08088-F96F-4DBD-9E2C-D21AEECA2141,,38.38,,426.46,-310.47,Dim Text 42,426.46,-310.47,0.0,426.96,-309.97,0.0,,,,,,,,,,
665,DimText 43,512A74BF-BCD5-4FD7-B27C-B9F97D61E754,,0.00,,425.9,-328.59,Dim Text 43,425.9,-328.59,0.0,426.4,-328.09,0.0,,,,,,,,,,
666,DimText 44,512A74BF-BCD5-4FD7-B27C-B9F97D61E754,,42.61,,435.13,-347.7,Dim Text 44,435.13,-347.7,0.0,435.63,-347.2,0.0,,,,,,,,,,
667,DimText 45,49636099-BECD-4C37-B954-C63323C7B445,,0.00,,408.18,-329.68,Dim Text 45,408.18,-329.68,0.0,408.68,-329.18,0.0,,,,,,,,,,
668,DimText 46,49636099-BECD-4C37-B954-C63323C7B445,,6.42,,408.18,-326.47,Dim Text 46,408.18,-326.47,0.0,408.68,-325.97,0.0,,,,,,,,,,
669,DimText 47,49636099-BECD-4C37-B954-C63323C7B445,,6.42,,408.18,-320.04,Dim Text 47,408.18,-320.04,0.0,408.68,-319.54,0.0,,,,,,,,,,
670,DimText 48,49636099-BECD-4C37-B954-C63323C7B445,,6.42,,408.18,-313.62,Dim Text 48,408.18,-313.62,0.0,408.68,-313.12,0.0,,,,,,,,,,
671,DimText 49,49636099-BECD-4C37-B954-C63323C7B445,,6.42,,408.18,-307.2,Dim Text 49,408.18,-307.2,0.0,408.68,-306.7,0.0,,,,,,,,,,
672,DimText 50,49636099-BECD-4C37-B954-C63323C7B445,,6.42,,408.18,-300.77,Dim Text 50,408.18,-300.77,0.0,408.68,-300.27,0.0,,,,,,,,,,
673,DimText 51,49636099-BECD-4C37-B954-C63323C7B445,,6.50,,408.18,-294.31,Dim Text 51,408.18,-294.31,0.0,408.68,-293.81,0.0,,,,,,,,,,
674,DimText 52,C2DB6F63-EE11-4FDD-AD76-5C8ED9BDB111,,0.00,,409.52,-336.51,Dim Text 52,409.52,-336.51,0.0,410.02,-336.01,0.0,,,,,,,,,,
675,DimText 53,C2DB6F63-EE11-4FDD-AD76-5C8ED9BDB111,,6.37,,410.92,-339.37,Dim Text 53,410.92,-339.37,0.0,411.42,-338.87,0.0,,,,,,,,,,
676,DimText 54,C2DB6F63-EE11-4FDD-AD76-5C8ED9BDB111,,6.13,,413.65,-344.99,Dim Text 54,413.65,-344.99,0.0,414.15,-344.49,0.0,,,,,,,,,,
677,DimText 55,C2DB6F63-EE11-4FDD-AD76-5C8ED9BDB111,,6.14,,416.33,-350.51,Dim Text 55,416.33,-350.51,0.0,416.83,-350.01,0.0,,,,,,,,,,
678,DimText 56,C2DB6F63-EE11-4FDD-AD76-5C8ED9BDB111,,6.15,,419.02,-356.04,Dim Text 56,419.02,-356.04,0.0,419.52,-355.54,0.0,,,,,,,,,,
679,DimText 57,C2DB6F63-EE11-4FDD-AD76-5C8ED9BDB111,,6.13,,421.71,-361.56,Dim Text 57,421.71,-361.56,0.0,422.21,-361.06,0.0,,,,,,,,,,
680,DimText 58,C2DB6F63-EE11-4FDD-AD76-5C8ED9BDB111,,6.14,,424.39,-367.07,Dim Text 58,424.39,-367.07,0.0,424.89,-366.57,0.0,,,,,,,,,,
681,DimText 59,C2DB6F63-EE11-4FDD-AD76-5C8ED9BDB111,,5.58,,426.95,-372.34,Dim Text 59,426.95,-372.34,0.0,427.45,-371.84,0.0,,,,,,,,,,
682,DimText 60,B44C0719-719A-48FA-AFF6-4B53D75674BC,,0.00,,409.48,-336.5,Dim Text 60,409.48,-336.5,0.0,409.98,-336.0,0.0,,,,,,,,,,
683,DimText 61,B44C0719-719A-48FA-AFF6-4B53D75674BC,,7.50,,408.6,-332.85,Dim Text 61,408.6,-332.85,0.0,409.1,-332.35,0.0,,,,,,,,,,
684,DimText 62,66AAF9FB-ABBC-4323-8B3A-794541F4AB0A,,0.00,,408.18,-329.68,Dim Text 62,408.18,-329.68,0.0,408.68,-329.18,0.0,,,,,,,,,,
685,DimText 63,66AAF9FB-ABBC-4323-8B3A-794541F4AB0A,,6.42,,408.18,-326.47,Dim Text 63,408.18,-326.47,0.0,408.68,-325.97,0.0,,,,,,,,,,
686,DimText 64,66AAF9FB-ABBC-4323-8B3A-794541F4AB0A,,6.42,,408.18,-320.04,Dim Text 64,408.18,-320.04,0.0,408.68,-319.54,0.0,,,,,,,,,,
687,DimText 65,66AAF9FB-ABBC-4323-8B3A-794541F4AB0A,,6.42,,408.18,-313.62,Dim Text 65,408.18,-313.62,0.0,408.68,-313.12,0.0,,,,,,,,,,
688,DimText 66,66AAF9FB-ABBC-4323-8B3A-794541F4AB0A,,6.42,,408.18,-307.2,Dim Text 66,408.18,-307.2,0.0,408.68,-306.7,0.0,,,,,,,,,,
689,DimText 67,66AAF9FB-ABBC-4323-8B3A-794541F4AB0A,,0.00,,408.18,-303.99,Dim Text 67,408.18,-303.99,0.0,408.68,-303.49,0.0,,,,,,,,,,
690,DimText 68,66AAF9FB-ABBC-4323-8B3A-794541F4AB0A,,6.42,,408.18,-300.77,Dim Text 68,408.18,-300.77,0.0,408.68,-300.27,0.0,,,,,,,,,,
691,DimText 69,66AAF9FB-ABBC-4323-8B3A-794541F4AB0A,,6.50,,408.18,-294.31,Dim Text 69,408.18,-294.31,0.0,408.68,-293.81,0.0,,,,,,,,,,
692,DimText 70,6327708B-49F8-4509-AC98-585A08889C84,,0.00,,409.52,-336.51,Dim Text 70,409.52,-336.51,0.0,410.02,-336.01,0.0,,,,,,,,,,
693,DimText 71,6327708B-49F8-4509-AC98-585A08889C84,,6.37,,410.92,-339.37,Dim Text 71,410.92,-339.37,0.0,411.42,-338.87,0.0,,,,,,,,,,
694,DimText 72,6327708B-49F8-4509-AC98-585A08889C84,,6.13,,413.65,-344.99,Dim Text 72,413.65,-344.99,0.0,414.15,-344.49,0.0,,,,,,,,,,
695,DimText 73,6327708B-49F8-4509-AC98-585A08889C84,,6.14,,416.33,-350.51,Dim Text 73,416.33,-350.51,0.0,416.83,-350.01,0.0,,,,,,,,,,
696,DimText 74,6327708B-49F8-4509-AC98-585A08889C84,,6.15,,419.02,-356.04,Dim Text 74,419.02,-356.04,0.0,419.52,-355.54,0.0,,,,,,,,,,
697,DimText 75,6327708B-49F8-4509-AC98-585A08889C84,,6.13,,421.71,-361.56,Dim Text 75,421.71,-361.56,0.0,422.21,-361.06,0.0,,,,,,,,,,
698,DimText 76,6327708B-49F8-4509-AC98-585A08889C84,,6.14,,424.39,-367.07,Dim Text 76,424.39,-367.07,0.0,424.89,-366.57,0.0,,,,,,,,,,
699,DimText 77,6327708B-49F8-4509-AC98-585A08889C84,,5.58,,426.95,-372.34,Dim Text 77,426.95,-372.34,0.0,427.45,-371.84,0.0,,,,,,,,,,
700,DimText 78,1F455243-1F13-4555-93D0-A363B667C5A5,,0.00,,409.41,-336.51,Dim Text 78,409.41,-336.51,0.0,409.91,-336.01,0.0,,,,,,,,,,
701,DimText 79,1F455243-1F13-4555-93D0-A363B667C5A5,,7.50,,408.6,-332.85,Dim Text 79,408.6,-332.85,0.0,409.1,-332.35,0.0,,,,,,,,,,
702,DimText 80,456B916E-28E0-45DD-8B77-A2D463D9FEBC,,0.00,,426.46,-329.68,Dim Text 80,426.46,-329.68,0.0,426.96,-329.18,0.0,,,,,,,,,,
703,DimText 81,456B916E-28E0-45DD-8B77-A2D463D9FEBC,,38.47,,426.46,-310.52,Dim Text 81,426.46,-310.52,0.0,426.96,-310.02,0.0,,,,,,,,,,
704,DimText 82,B224A394-6E07-4E7C-88A3-CC7370D687C6,,0.00,,444.48,-366.92,Dim Text 82,444.48,-366.92,0.0,444.98,-366.42,0.0,,,,,,,,,,
705,DimText 83,B224A394-6E07-4E7C-88A3-CC7370D687C6,,42.66,,435.12,-347.67,Dim Text 83,435.12,-347.67,0.0,435.62,-347.17,0.0,,,,,,,,,,
706,DimText 84,CBA90F26-6966-4A14-B30B-202B9A082F8B,,0.00,,430.7,-376.65,Dim Text 84,430.7,-376.65,0.0,431.2,-376.15,0.0,,,,,,,,,,
707,DimText 85,CBA90F26-6966-4A14-B30B-202B9A082F8B,,"15,00",,437.38,-373.4,Dim Text 85,437.38,-373.4,0.0,437.88,-372.9,0.0,,,,,,,,,,
708,DimText 86,9822B148-F2E7-4D4B-873C-E7FB7F9C56F4,,0.00,,430.7,-376.65,Dim Text 86,430.7,-376.65,0.0,431.2,-376.15,0.0,,,,,,,,,,
709,DimText 87,9822B148-F2E7-4D4B-873C-E7FB7F9C56F4,,15.01,,437.38,-373.4,Dim Text 87,437.38,-373.4,0.0,437.88,-372.9,0.0,,,,,,,,,,
